Local time,Ask,Bid,AskVolume,BidVolume
06.06.2022 03:30:00.708 GMT+0200,11.943,11.927000000000001,0.018,0.018
06.06.2022 03:30:01.736 GMT+0200,11.963,11.917,0.018,0.018
06.06.2022 03:30:02.716 GMT+0200,11.953,11.927000000000001,0.018,0.018
06.06.2022 03:30:03.719 GMT+0200,11.963,11.917,0.018,0.018
06.06.2022 03:30:04.711 GMT+0200,11.953,11.917,0.018,0.018
06.06.2022 03:30:06.487 GMT+0200,11.944,11.926,0.018,0.018
06.06.2022 03:30:07.481 GMT+0200,11.943,11.897,0.018,0.018
06.06.2022 03:30:11.901 GMT+0200,11.923,11.897,0.018,0.018
06.06.2022 03:30:12.899 GMT+0200,11.944,11.895999999999999,0.018,0.018
06.06.2022 03:30:15.263 GMT+0200,11.914000000000001,11.895999999999999,0.018,0.018
06.06.2022 03:30:15.314 GMT+0200,11.904000000000002,11.876,0.018,0.018
06.06.2022 03:30:17.255 GMT+0200,11.863,11.837000000000002,0.018,0.018
06.06.2022 03:30:18.009 GMT+0200,11.864,11.846,0.018,0.018
06.06.2022 03:30:19.009 GMT+0200,11.863,11.817,0.018,0.018
06.06.2022 03:30:21.017 GMT+0200,11.843,11.807,0.018,0.018
06.06.2022 03:30:24.163 GMT+0200,11.844000000000001,11.796,0.018,0.018
06.06.2022 03:30:27.176 GMT+0200,11.823,11.777000000000001,0.018,0.018
06.06.2022 03:30:27.864 GMT+0200,11.784,11.755999999999998,0.018,0.018
06.06.2022 03:30:28.871 GMT+0200,11.802999999999999,11.757000000000001,0.018,0.018
06.06.2022 03:30:34.240 GMT+0200,11.802999999999999,11.787,0.018,0.018
06.06.2022 03:30:35.239 GMT+0200,11.804,11.776,0.018,0.018
06.06.2022 03:30:36.241 GMT+0200,11.802999999999999,11.767000000000001,0.018,0.018
06.06.2022 03:30:36.292 GMT+0200,11.794,11.776,0.018,0.018
06.06.2022 03:30:37.260 GMT+0200,11.804,11.776,0.018,0.018
06.06.2022 03:30:39.259 GMT+0200,11.813,11.777000000000001,0.018,0.018
06.06.2022 03:30:40.786 GMT+0200,11.813,11.797,0.018,0.018
06.06.2022 03:30:41.799 GMT+0200,11.813,11.777000000000001,0.018,0.018
06.06.2022 03:30:46.431 GMT+0200,11.802999999999999,11.787,0.018,0.018
06.06.2022 03:30:47.451 GMT+0200,11.824000000000002,11.776,0.018,0.018
06.06.2022 03:30:48.101 GMT+0200,11.784,11.766,0.018,0.018
06.06.2022 03:30:48.283 GMT+0200,11.813,11.797,0.018,0.018
06.06.2022 03:30:48.597 GMT+0200,11.784,11.766,0.018,0.018
06.06.2022 03:30:48.647 GMT+0200,11.813,11.777000000000001,0.018,0.018
06.06.2022 03:30:50.695 GMT+0200,11.814000000000002,11.796,0.018,0.018
06.06.2022 03:30:51.690 GMT+0200,11.813,11.777000000000001,0.018,0.018
06.06.2022 03:30:52.879 GMT+0200,11.794,11.776,0.018,0.018
06.06.2022 03:30:53.880 GMT+0200,11.802999999999999,11.777000000000001,0.018,0.018
06.06.2022 03:30:56.884 GMT+0200,11.794,11.776,0.018,0.018
06.06.2022 03:30:59.888 GMT+0200,11.804,11.776,0.018,0.018
06.06.2022 03:31:00.889 GMT+0200,11.802999999999999,11.757000000000001,0.018,0.018
06.06.2022 03:31:01.890 GMT+0200,11.793,11.767000000000001,0.018,0.018
06.06.2022 03:31:04.294 GMT+0200,11.804,11.755999999999998,0.018,0.018
06.06.2022 03:31:05.253 GMT+0200,11.794,11.776,0.018,0.018
06.06.2022 03:31:06.263 GMT+0200,11.802999999999999,11.757000000000001,0.018,0.018
06.06.2022 03:31:11.258 GMT+0200,11.793,11.777000000000001,0.018,0.018
06.06.2022 03:31:13.258 GMT+0200,11.804,11.755999999999998,0.018,0.018
06.06.2022 03:31:15.417 GMT+0200,11.793,11.767000000000001,0.018,0.018
06.06.2022 03:31:17.701 GMT+0200,11.802999999999999,11.757000000000001,0.018,0.018
06.06.2022 03:31:19.122 GMT+0200,11.783,11.767000000000001,0.018,0.018
06.06.2022 03:31:19.813 GMT+0200,11.804,11.776,0.018,0.018
06.06.2022 03:31:20.813 GMT+0200,11.824000000000002,11.776,0.018,0.018
06.06.2022 03:31:26.419 GMT+0200,11.814000000000002,11.796,0.018,0.018
06.06.2022 03:31:33.422 GMT+0200,11.823,11.797,0.018,0.018
06.06.2022 03:31:40.633 GMT+0200,11.833,11.817,0.018,0.018
06.06.2022 03:31:42.635 GMT+0200,11.843,11.797,0.018,0.018
06.06.2022 03:31:43.607 GMT+0200,11.833,11.817,0.018,0.018
06.06.2022 03:31:45.692 GMT+0200,11.844000000000001,11.815999999999999,0.018,0.018
06.06.2022 03:31:58.057 GMT+0200,11.833,11.817,0.018,0.018
06.06.2022 03:31:59.059 GMT+0200,11.844000000000001,11.796,0.018,0.018
06.06.2022 03:31:59.568 GMT+0200,11.833,11.817,0.018,0.018
06.06.2022 03:32:01.568 GMT+0200,11.843,11.797,0.018,0.018
06.06.2022 03:32:04.752 GMT+0200,11.824000000000002,11.806,0.018,0.018
06.06.2022 03:32:05.740 GMT+0200,11.823,11.797,0.018,0.018
06.06.2022 03:32:06.463 GMT+0200,11.802999999999999,11.787,0.018,0.018
06.06.2022 03:32:07.461 GMT+0200,11.823,11.777000000000001,0.018,0.018
06.06.2022 03:32:07.953 GMT+0200,11.804,11.786,0.018,0.018
06.06.2022 03:32:10.097 GMT+0200,11.823,11.777000000000001,0.018,0.018
06.06.2022 03:32:10.657 GMT+0200,11.804,11.786,0.018,0.018
06.06.2022 03:32:11.691 GMT+0200,11.824000000000002,11.796,0.018,0.018
06.06.2022 03:32:12.689 GMT+0200,11.843,11.797,0.018,0.018
06.06.2022 03:32:16.692 GMT+0200,11.844000000000001,11.806,0.018,0.018
06.06.2022 03:32:17.765 GMT+0200,11.843,11.797,0.018,0.018
06.06.2022 03:32:19.766 GMT+0200,11.844000000000001,11.806,0.018,0.018
06.06.2022 03:32:20.767 GMT+0200,11.843,11.797,0.018,0.018
06.06.2022 03:32:24.033 GMT+0200,11.833,11.817,0.018,0.018
06.06.2022 03:32:40.983 GMT+0200,11.823,11.797,0.018,0.018
06.06.2022 03:33:06.789 GMT+0200,11.802999999999999,11.787,0.018,0.018
06.06.2022 03:33:07.790 GMT+0200,11.823,11.777000000000001,0.018,0.018
06.06.2022 03:33:07.840 GMT+0200,11.813,11.797,0.018,0.018
06.06.2022 03:33:09.708 GMT+0200,11.802999999999999,11.787,0.018,0.018
06.06.2022 03:33:11.732 GMT+0200,11.813,11.797,0.018,0.018
06.06.2022 03:33:12.622 GMT+0200,11.804,11.786,0.018,0.018
06.06.2022 03:33:14.760 GMT+0200,11.802999999999999,11.777000000000001,0.018,0.018
06.06.2022 03:33:22.488 GMT+0200,11.804,11.786,0.018,0.018
06.06.2022 03:33:23.922 GMT+0200,11.814000000000002,11.796,0.018,0.018
06.06.2022 03:33:30.329 GMT+0200,11.823,11.797,0.018,0.018
06.06.2022 03:33:34.473 GMT+0200,11.814000000000002,11.796,0.018,0.018
06.06.2022 03:33:36.186 GMT+0200,11.823,11.797,0.018,0.018
06.06.2022 03:33:38.186 GMT+0200,11.813,11.797,0.018,0.018
06.06.2022 03:33:39.350 GMT+0200,11.824000000000002,11.796,0.018,0.018
06.06.2022 03:33:42.353 GMT+0200,11.814000000000002,11.796,0.018,0.018
06.06.2022 03:33:44.353 GMT+0200,11.824000000000002,11.796,0.018,0.018
06.06.2022 03:34:41.055 GMT+0200,11.823,11.807,0.018,0.018
06.06.2022 03:34:50.781 GMT+0200,11.813,11.797,0.018,0.018
06.06.2022 03:34:55.125 GMT+0200,11.824000000000002,11.796,0.018,0.018
06.06.2022 03:34:57.126 GMT+0200,11.824000000000002,11.806,0.018,0.018
06.06.2022 03:35:05.062 GMT+0200,11.823,11.797,0.018,0.018
06.06.2022 03:35:06.063 GMT+0200,11.823,11.807,0.018,0.018
06.06.2022 03:35:12.031 GMT+0200,11.843,11.797,0.018,0.018
06.06.2022 03:35:12.535 GMT+0200,11.833,11.817,0.018,0.018
06.06.2022 03:35:13.542 GMT+0200,11.843,11.797,0.018,0.018
06.06.2022 03:35:14.528 GMT+0200,11.834000000000001,11.796,0.018,0.018
06.06.2022 03:35:25.980 GMT+0200,11.833,11.817,0.018,0.018
06.06.2022 03:35:32.710 GMT+0200,11.843,11.817,0.018,0.018
06.06.2022 03:35:33.719 GMT+0200,11.834000000000001,11.815999999999999,0.018,0.018
06.06.2022 03:35:49.655 GMT+0200,11.843,11.817,0.018,0.018
06.06.2022 03:35:51.658 GMT+0200,11.833,11.817,0.018,0.018
06.06.2022 03:35:56.044 GMT+0200,11.844000000000001,11.815999999999999,0.018,0.018
06.06.2022 03:35:57.047 GMT+0200,11.834000000000001,11.815999999999999,0.018,0.018
06.06.2022 03:35:58.046 GMT+0200,11.843,11.817,0.018,0.018
06.06.2022 03:36:24.625 GMT+0200,11.843,11.827,0.018,0.018
06.06.2022 03:36:25.642 GMT+0200,11.864,11.835999999999999,0.018,0.018
06.06.2022 03:36:40.387 GMT+0200,11.863,11.847000000000001,0.018,0.018
06.06.2022 03:36:42.520 GMT+0200,11.883,11.857000000000001,0.018,0.018
06.06.2022 03:36:54.824 GMT+0200,11.884,11.866,0.018,0.018
06.06.2022 03:36:56.965 GMT+0200,11.883,11.857000000000001,0.018,0.018
06.06.2022 03:36:58.088 GMT+0200,11.883,11.867,0.018,0.018
06.06.2022 03:36:58.955 GMT+0200,11.894000000000002,11.876,0.018,0.018
06.06.2022 03:36:59.958 GMT+0200,11.903,11.857000000000001,0.018,0.018
06.06.2022 03:37:02.861 GMT+0200,11.892999999999999,11.877,0.018,0.018
06.06.2022 03:37:03.861 GMT+0200,11.903,11.857000000000001,0.018,0.018
06.06.2022 03:37:08.807 GMT+0200,11.892999999999999,11.877,0.018,0.018
06.06.2022 03:37:09.804 GMT+0200,11.904000000000002,11.876,0.018,0.018
06.06.2022 03:37:15.811 GMT+0200,11.903,11.887,0.018,0.018
06.06.2022 03:37:16.866 GMT+0200,11.903,11.877,0.018,0.018
06.06.2022 03:37:26.316 GMT+0200,11.903,11.887,0.018,0.018
06.06.2022 03:37:29.761 GMT+0200,11.903,11.877,0.018,0.018
06.06.2022 03:37:36.507 GMT+0200,11.904000000000002,11.886,0.018,0.018
06.06.2022 03:37:38.615 GMT+0200,11.923,11.877,0.018,0.018
06.06.2022 03:37:42.658 GMT+0200,11.913,11.897,0.018,0.018
06.06.2022 03:37:43.658 GMT+0200,11.923,11.897,0.018,0.018
06.06.2022 03:37:46.660 GMT+0200,11.923,11.907,0.018,0.018
06.06.2022 03:37:47.415 GMT+0200,11.934000000000001,11.915999999999999,0.018,0.018
06.06.2022 03:37:48.422 GMT+0200,11.943,11.917,0.018,0.018
06.06.2022 03:38:00.712 GMT+0200,11.944,11.926,0.018,0.018
06.06.2022 03:38:02.097 GMT+0200,11.953,11.937000000000001,0.018,0.018
06.06.2022 03:38:03.054 GMT+0200,11.964,11.936,0.018,0.018
06.06.2022 03:38:04.342 GMT+0200,11.943,11.927000000000001,0.018,0.018
06.06.2022 03:38:05.339 GMT+0200,11.944,11.915999999999999,0.018,0.018
06.06.2022 03:38:10.879 GMT+0200,11.933,11.917,0.018,0.018
06.06.2022 03:38:11.364 GMT+0200,11.923,11.907,0.018,0.018
06.06.2022 03:38:12.365 GMT+0200,11.924000000000001,11.895999999999999,0.018,0.018
06.06.2022 03:38:13.373 GMT+0200,11.923,11.907,0.018,0.018
06.06.2022 03:38:15.373 GMT+0200,11.924000000000001,11.895999999999999,0.018,0.018
06.06.2022 03:38:16.363 GMT+0200,11.923,11.907,0.018,0.018
06.06.2022 03:38:23.026 GMT+0200,11.923,11.897,0.018,0.018
06.06.2022 03:38:23.177 GMT+0200,11.904000000000002,11.886,0.018,0.018
06.06.2022 03:38:24.178 GMT+0200,11.904000000000002,11.876,0.018,0.018
06.06.2022 03:38:25.178 GMT+0200,11.894000000000002,11.876,0.018,0.018
06.06.2022 03:38:26.179 GMT+0200,11.904000000000002,11.876,0.018,0.018
06.06.2022 03:38:31.847 GMT+0200,11.892999999999999,11.877,0.018,0.018
06.06.2022 03:38:36.270 GMT+0200,11.903,11.877,0.018,0.018
06.06.2022 03:38:39.268 GMT+0200,11.892999999999999,11.877,0.018,0.018
06.06.2022 03:39:07.646 GMT+0200,11.904000000000002,11.876,0.018,0.018
06.06.2022 03:39:46.944 GMT+0200,11.904000000000002,11.886,0.018,0.018
06.06.2022 03:39:57.691 GMT+0200,11.904000000000002,11.876,0.018,0.018
06.06.2022 03:39:58.693 GMT+0200,11.904000000000002,11.886,0.018,0.018
06.06.2022 03:40:03.287 GMT+0200,11.903,11.877,0.018,0.018
06.06.2022 03:40:05.288 GMT+0200,11.903,11.887,0.018,0.018
06.06.2022 03:40:06.852 GMT+0200,11.914000000000001,11.895999999999999,0.018,0.018
06.06.2022 03:40:07.849 GMT+0200,11.923,11.897,0.018,0.018
06.06.2022 03:40:14.340 GMT+0200,11.923,11.877,0.018,0.018
06.06.2022 03:40:15.328 GMT+0200,11.924000000000001,11.895999999999999,0.018,0.018
06.06.2022 03:40:18.734 GMT+0200,11.924000000000001,11.905999999999999,0.018,0.018
06.06.2022 03:40:45.671 GMT+0200,11.923,11.897,0.018,0.018
06.06.2022 03:42:56.803 GMT+0200,11.913,11.897,0.018,0.018
06.06.2022 03:42:59.415 GMT+0200,11.923,11.897,0.018,0.018
06.06.2022 03:43:00.429 GMT+0200,11.914000000000001,11.895999999999999,0.018,0.018
06.06.2022 03:43:02.884 GMT+0200,11.923,11.897,0.018,0.018
06.06.2022 03:43:03.882 GMT+0200,11.914000000000001,11.895999999999999,0.018,0.018
06.06.2022 03:43:10.652 GMT+0200,11.924000000000001,11.895999999999999,0.018,0.018
06.06.2022 03:43:31.264 GMT+0200,11.904000000000002,11.886,0.018,0.018
06.06.2022 03:43:32.265 GMT+0200,11.903,11.877,0.018,0.018
06.06.2022 03:43:42.122 GMT+0200,11.894000000000002,11.876,0.018,0.018
06.06.2022 03:43:44.124 GMT+0200,11.904000000000002,11.856,0.018,0.018
06.06.2022 03:43:53.233 GMT+0200,11.892999999999999,11.877,0.018,0.018
06.06.2022 03:43:54.864 GMT+0200,11.884,11.866,0.018,0.018
06.06.2022 03:43:55.868 GMT+0200,11.883,11.857000000000001,0.018,0.018
06.06.2022 03:44:00.115 GMT+0200,11.883,11.867,0.018,0.018
06.06.2022 03:44:01.758 GMT+0200,11.904000000000002,11.856,0.018,0.018
06.06.2022 03:44:06.375 GMT+0200,11.883,11.867,0.018,0.018
06.06.2022 03:44:07.387 GMT+0200,11.903,11.857000000000001,0.018,0.018
06.06.2022 03:44:10.179 GMT+0200,11.883,11.867,0.018,0.018
06.06.2022 03:44:11.177 GMT+0200,11.904000000000002,11.856,0.018,0.018
06.06.2022 03:44:13.013 GMT+0200,11.892999999999999,11.877,0.018,0.018
06.06.2022 03:44:14.000 GMT+0200,11.903,11.877,0.018,0.018
06.06.2022 03:44:52.093 GMT+0200,11.903,11.887,0.018,0.018
06.06.2022 03:45:11.821 GMT+0200,11.923,11.877,0.018,0.018
06.06.2022 03:45:13.742 GMT+0200,11.903,11.887,0.018,0.018
06.06.2022 03:45:14.743 GMT+0200,11.903,11.877,0.018,0.018
06.06.2022 03:45:16.746 GMT+0200,11.923,11.877,0.018,0.018
06.06.2022 03:45:17.082 GMT+0200,11.913,11.897,0.018,0.018
06.06.2022 03:45:21.813 GMT+0200,11.923,11.897,0.018,0.018
06.06.2022 03:45:50.261 GMT+0200,11.933,11.917,0.018,0.018
06.06.2022 03:45:51.262 GMT+0200,11.944,11.915999999999999,0.018,0.018
06.06.2022 03:46:10.275 GMT+0200,11.944,11.926,0.018,0.018
06.06.2022 03:46:15.405 GMT+0200,11.943,11.917,0.018,0.018
06.06.2022 03:46:17.377 GMT+0200,11.943,11.927000000000001,0.018,0.018
06.06.2022 03:46:21.800 GMT+0200,11.954,11.936,0.018,0.018
06.06.2022 03:46:25.801 GMT+0200,11.963,11.937000000000001,0.018,0.018
06.06.2022 03:46:34.012 GMT+0200,11.983,11.937000000000001,0.018,0.018
06.06.2022 03:46:34.913 GMT+0200,11.974000000000002,11.956,0.018,0.018
06.06.2022 03:46:35.915 GMT+0200,11.984000000000002,11.956,0.018,0.018
06.06.2022 03:46:37.916 GMT+0200,11.974000000000002,11.956,0.018,0.018
06.06.2022 03:46:41.558 GMT+0200,11.963,11.947000000000001,0.018,0.018
06.06.2022 03:46:42.565 GMT+0200,11.963,11.937000000000001,0.018,0.018
06.06.2022 03:46:44.909 GMT+0200,11.963,11.947000000000001,0.018,0.018
06.06.2022 03:46:47.726 GMT+0200,11.963,11.937000000000001,0.018,0.018
06.06.2022 03:46:48.739 GMT+0200,11.983,11.937000000000001,0.018,0.018
06.06.2022 03:46:49.410 GMT+0200,11.974000000000002,11.956,0.018,0.018
06.06.2022 03:46:57.903 GMT+0200,11.963,11.937000000000001,0.018,0.018
06.06.2022 03:46:58.904 GMT+0200,11.954,11.936,0.018,0.018
06.06.2022 03:47:08.579 GMT+0200,11.943,11.927000000000001,0.018,0.018
06.06.2022 03:47:09.573 GMT+0200,11.934000000000001,11.915999999999999,0.018,0.018
06.06.2022 03:47:14.299 GMT+0200,11.943,11.917,0.018,0.018
06.06.2022 03:47:24.569 GMT+0200,11.943,11.927000000000001,0.018,0.018
06.06.2022 03:47:28.267 GMT+0200,11.954,11.936,0.018,0.018
06.06.2022 03:47:29.267 GMT+0200,11.964,11.936,0.018,0.018
06.06.2022 03:47:33.276 GMT+0200,11.954,11.936,0.018,0.018
06.06.2022 03:48:02.400 GMT+0200,11.963,11.937000000000001,0.018,0.018
06.06.2022 03:48:13.285 GMT+0200,11.954,11.936,0.018,0.018
06.06.2022 03:48:15.170 GMT+0200,11.964,11.936,0.018,0.018
06.06.2022 03:48:22.465 GMT+0200,11.953,11.937000000000001,0.018,0.018
06.06.2022 03:48:23.465 GMT+0200,11.963,11.937000000000001,0.018,0.018
06.06.2022 03:48:33.095 GMT+0200,11.963,11.947000000000001,0.018,0.018
06.06.2022 03:48:49.189 GMT+0200,11.964,11.936,0.018,0.018
06.06.2022 03:48:50.185 GMT+0200,11.983,11.937000000000001,0.018,0.018
06.06.2022 03:49:02.490 GMT+0200,11.964,11.946,0.018,0.018
06.06.2022 03:49:03.491 GMT+0200,11.983,11.937000000000001,0.018,0.018
06.06.2022 03:49:28.069 GMT+0200,11.963,11.947000000000001,0.018,0.018
06.06.2022 03:49:31.442 GMT+0200,11.963,11.937000000000001,0.018,0.018
06.06.2022 03:49:52.585 GMT+0200,11.963,11.947000000000001,0.018,0.018
06.06.2022 03:49:53.586 GMT+0200,11.963,11.937000000000001,0.018,0.018
06.06.2022 03:50:00.944 GMT+0200,11.974000000000002,11.956,0.018,0.018
06.06.2022 03:50:05.330 GMT+0200,11.984000000000002,11.956,0.018,0.018
06.06.2022 03:50:06.340 GMT+0200,11.993,11.957,0.018,0.018
06.06.2022 03:50:11.430 GMT+0200,12.004000000000001,11.975999999999999,0.018,0.018
06.06.2022 03:50:12.422 GMT+0200,11.994000000000002,11.975999999999999,0.018,0.018
06.06.2022 03:50:13.423 GMT+0200,12.004000000000001,11.975999999999999,0.018,0.018
06.06.2022 03:50:46.954 GMT+0200,11.984000000000002,11.966,0.018,0.018
06.06.2022 03:50:47.953 GMT+0200,11.972999999999999,11.957,0.018,0.018
06.06.2022 03:50:53.840 GMT+0200,11.964,11.936,0.018,0.018
06.06.2022 03:51:13.028 GMT+0200,11.983,11.937000000000001,0.018,0.018
06.06.2022 03:51:39.594 GMT+0200,11.974000000000002,11.956,0.018,0.018
06.06.2022 03:51:40.587 GMT+0200,11.993,11.957,0.018,0.018
06.06.2022 03:51:43.902 GMT+0200,11.993,11.977,0.018,0.018
06.06.2022 03:51:54.534 GMT+0200,11.984000000000002,11.956,0.018,0.018
06.06.2022 03:51:59.742 GMT+0200,11.972999999999999,11.957,0.018,0.018
06.06.2022 03:52:01.847 GMT+0200,11.984000000000002,11.956,0.018,0.018
06.06.2022 03:52:02.844 GMT+0200,11.972999999999999,11.957,0.018,0.018
06.06.2022 03:52:06.019 GMT+0200,11.983,11.957,0.018,0.018
06.06.2022 03:52:07.013 GMT+0200,11.974000000000002,11.956,0.018,0.018
06.06.2022 03:52:10.028 GMT+0200,11.983,11.957,0.018,0.018
06.06.2022 03:52:15.703 GMT+0200,11.994000000000002,11.975999999999999,0.018,0.018
06.06.2022 03:52:16.704 GMT+0200,12.004000000000001,11.975999999999999,0.018,0.018
06.06.2022 03:52:46.088 GMT+0200,12.023,11.997,0.018,0.018
06.06.2022 03:52:47.136 GMT+0200,12.033,12.017000000000001,0.018,0.018
06.06.2022 03:53:22.594 GMT+0200,12.043,12.017000000000001,0.018,0.018
06.06.2022 03:54:09.382 GMT+0200,12.033,12.017000000000001,0.018,0.018
06.06.2022 03:54:22.732 GMT+0200,12.043,12.017000000000001,0.018,0.018
06.06.2022 03:54:25.734 GMT+0200,12.033,12.017000000000001,0.018,0.018
06.06.2022 03:54:29.725 GMT+0200,12.043,12.017000000000001,0.018,0.018
06.06.2022 03:55:03.361 GMT+0200,12.033,12.017000000000001,0.018,0.018
06.06.2022 03:55:05.349 GMT+0200,12.043,12.017000000000001,0.018,0.018
06.06.2022 03:55:09.168 GMT+0200,12.033,12.017000000000001,0.018,0.018
06.06.2022 03:55:10.010 GMT+0200,12.064000000000002,12.036,0.018,0.018
06.06.2022 03:55:41.287 GMT+0200,12.044,12.026,0.018,0.018
06.06.2022 03:55:42.287 GMT+0200,12.033,12.017000000000001,0.018,0.018
06.06.2022 03:55:45.290 GMT+0200,12.043,11.997,0.018,0.018
06.06.2022 03:55:54.204 GMT+0200,12.033,12.017000000000001,0.018,0.018
06.06.2022 03:56:05.063 GMT+0200,12.043,11.997,0.018,0.018
06.06.2022 03:56:13.312 GMT+0200,12.024000000000001,12.006,0.018,0.018
06.06.2022 03:56:17.322 GMT+0200,12.023,11.997,0.018,0.018
06.06.2022 03:56:42.289 GMT+0200,12.043,12.017000000000001,0.018,0.018
06.06.2022 03:56:57.276 GMT+0200,12.044,12.026,0.018,0.018
06.06.2022 03:56:57.377 GMT+0200,12.054000000000002,12.036,0.018,0.018
06.06.2022 03:56:58.334 GMT+0200,12.063,12.017000000000001,0.018,0.018
06.06.2022 03:56:59.331 GMT+0200,12.063,12.037,0.018,0.018
06.06.2022 03:57:15.943 GMT+0200,12.043,12.027000000000001,0.018,0.018
06.06.2022 03:57:17.433 GMT+0200,12.043,12.017000000000001,0.018,0.018
06.06.2022 03:58:28.149 GMT+0200,12.024000000000001,12.006,0.018,0.018
06.06.2022 03:58:29.153 GMT+0200,12.023,11.997,0.018,0.018
06.06.2022 03:58:44.195 GMT+0200,12.014000000000001,11.995999999999999,0.018,0.018
06.06.2022 03:58:55.910 GMT+0200,12.003,11.987,0.018,0.018
06.06.2022 03:58:59.235 GMT+0200,12.004000000000001,11.975999999999999,0.018,0.018
06.06.2022 04:01:05.188 GMT+0200,12.013,11.997,0.018,0.018
06.06.2022 04:01:06.176 GMT+0200,12.023,11.997,0.018,0.018
06.06.2022 04:01:12.776 GMT+0200,12.023,11.977,0.018,0.018
06.06.2022 04:01:16.824 GMT+0200,12.003,11.987,0.018,0.018
06.06.2022 04:01:17.823 GMT+0200,12.023,11.977,0.018,0.018
06.06.2022 04:01:19.240 GMT+0200,12.004000000000001,11.985999999999999,0.018,0.018
06.06.2022 04:01:20.238 GMT+0200,12.023,11.977,0.018,0.018
06.06.2022 04:01:20.819 GMT+0200,12.003,11.987,0.018,0.018
06.06.2022 04:01:42.019 GMT+0200,12.003,11.977,0.018,0.018
06.06.2022 04:01:56.926 GMT+0200,11.984000000000002,11.966,0.018,0.018
06.06.2022 04:02:00.717 GMT+0200,11.993,11.977,0.018,0.018
06.06.2022 04:02:01.709 GMT+0200,12.004000000000001,11.975999999999999,0.018,0.018
06.06.2022 04:03:31.166 GMT+0200,12.013,11.997,0.018,0.018
06.06.2022 04:03:32.165 GMT+0200,12.043,11.997,0.018,0.018
06.06.2022 04:03:47.875 GMT+0200,12.023,12.007000000000001,0.018,0.018
06.06.2022 04:03:51.687 GMT+0200,12.024000000000001,11.995999999999999,0.018,0.018
06.06.2022 04:04:36.723 GMT+0200,12.033,12.017000000000001,0.018,0.018
06.06.2022 04:05:06.919 GMT+0200,12.043,12.017000000000001,0.018,0.018
06.06.2022 04:05:28.154 GMT+0200,12.034,12.016,0.018,0.018
06.06.2022 04:05:36.402 GMT+0200,12.044,12.016,0.018,0.018
06.06.2022 04:05:49.212 GMT+0200,12.033,12.017000000000001,0.018,0.018
06.06.2022 04:05:50.214 GMT+0200,12.043,12.017000000000001,0.018,0.018
06.06.2022 04:05:58.676 GMT+0200,12.033,12.017000000000001,0.018,0.018
06.06.2022 04:06:01.211 GMT+0200,12.044,12.016,0.018,0.018
06.06.2022 04:06:27.220 GMT+0200,12.054000000000002,12.036,0.018,0.018
06.06.2022 04:06:28.229 GMT+0200,12.063,12.037,0.018,0.018
06.06.2022 04:06:47.399 GMT+0200,12.054000000000002,12.036,0.018,0.018
06.06.2022 04:06:48.392 GMT+0200,12.064000000000002,12.036,0.018,0.018
06.06.2022 04:06:49.392 GMT+0200,12.052999999999999,12.037,0.018,0.018
06.06.2022 04:06:57.545 GMT+0200,12.063,12.037,0.018,0.018
06.06.2022 04:06:58.546 GMT+0200,12.054000000000002,12.036,0.018,0.018
06.06.2022 04:07:23.866 GMT+0200,12.064000000000002,12.036,0.018,0.018
06.06.2022 04:07:39.228 GMT+0200,12.052999999999999,12.037,0.018,0.018
06.06.2022 04:07:57.387 GMT+0200,12.064000000000002,12.036,0.018,0.018
06.06.2022 04:07:58.385 GMT+0200,12.052999999999999,12.037,0.018,0.018
06.06.2022 04:08:08.164 GMT+0200,12.064000000000002,12.036,0.018,0.018
06.06.2022 04:08:39.222 GMT+0200,12.083,12.057,0.018,0.018
06.06.2022 04:09:20.786 GMT+0200,12.104000000000001,12.075999999999999,0.018,0.018
06.06.2022 04:09:21.738 GMT+0200,12.094000000000001,12.075999999999999,0.018,0.018
06.06.2022 04:09:22.736 GMT+0200,12.103,12.077,0.018,0.018
06.06.2022 04:09:30.870 GMT+0200,12.123,12.097000000000001,0.018,0.018
06.06.2022 04:09:31.214 GMT+0200,12.104000000000001,12.085999999999999,0.018,0.018
06.06.2022 04:09:32.214 GMT+0200,12.123,12.077,0.018,0.018
06.06.2022 04:09:32.741 GMT+0200,12.113,12.097000000000001,0.018,0.018
06.06.2022 04:09:43.405 GMT+0200,12.123,12.077,0.018,0.018
06.06.2022 04:09:44.664 GMT+0200,12.103,12.087000000000002,0.018,0.018
06.06.2022 04:09:45.675 GMT+0200,12.104000000000001,12.075999999999999,0.018,0.018
06.06.2022 04:10:20.824 GMT+0200,12.103,12.087000000000002,0.018,0.018
06.06.2022 04:10:30.283 GMT+0200,12.104000000000001,12.075999999999999,0.018,0.018
06.06.2022 04:11:11.875 GMT+0200,12.083,12.067,0.018,0.018
06.06.2022 04:11:12.869 GMT+0200,12.083,12.057,0.018,0.018
06.06.2022 04:11:15.606 GMT+0200,12.084000000000001,12.065999999999999,0.018,0.018
06.06.2022 04:11:26.420 GMT+0200,12.083,12.057,0.018,0.018
06.06.2022 04:12:13.583 GMT+0200,12.083,12.067,0.018,0.018
06.06.2022 04:12:16.101 GMT+0200,12.084000000000001,12.056,0.018,0.018
06.06.2022 04:12:27.349 GMT+0200,12.084000000000001,12.065999999999999,0.018,0.018
06.06.2022 04:12:36.442 GMT+0200,12.093,12.077,0.018,0.018
06.06.2022 04:12:37.394 GMT+0200,12.104000000000001,12.075999999999999,0.018,0.018
06.06.2022 04:14:03.403 GMT+0200,12.104000000000001,12.085999999999999,0.018,0.018
06.06.2022 04:14:10.223 GMT+0200,12.103,12.077,0.018,0.018
06.06.2022 04:14:11.233 GMT+0200,12.103,12.087000000000002,0.018,0.018
06.06.2022 04:14:32.714 GMT+0200,12.114,12.096,0.018,0.018
06.06.2022 04:14:33.716 GMT+0200,12.124,12.096,0.018,0.018
06.06.2022 04:14:55.357 GMT+0200,12.144000000000002,12.116,0.018,0.018
06.06.2022 04:15:17.254 GMT+0200,12.133,12.117,0.018,0.018
06.06.2022 04:15:18.742 GMT+0200,12.123,12.107000000000001,0.018,0.018
06.06.2022 04:15:36.039 GMT+0200,12.124,12.096,0.018,0.018
06.06.2022 04:16:24.044 GMT+0200,12.123,12.107000000000001,0.018,0.018
06.06.2022 04:16:32.758 GMT+0200,12.133,12.117,0.018,0.018
06.06.2022 04:16:33.763 GMT+0200,12.143,12.117,0.018,0.018
06.06.2022 04:17:00.940 GMT+0200,12.164000000000001,12.136,0.018,0.018
06.06.2022 04:17:01.931 GMT+0200,12.154000000000002,12.136,0.018,0.018
06.06.2022 04:17:13.615 GMT+0200,12.163,12.137,0.018,0.018
06.06.2022 04:17:30.226 GMT+0200,12.153,12.137,0.018,0.018
06.06.2022 04:17:31.224 GMT+0200,12.164000000000001,12.136,0.018,0.018
06.06.2022 04:17:40.650 GMT+0200,12.154000000000002,12.136,0.018,0.018
06.06.2022 04:18:22.689 GMT+0200,12.163,12.137,0.018,0.018
06.06.2022 04:18:56.374 GMT+0200,12.183,12.157,0.018,0.018
06.06.2022 04:18:57.356 GMT+0200,12.174000000000001,12.155999999999999,0.018,0.018
06.06.2022 04:18:58.356 GMT+0200,12.184000000000001,12.155999999999999,0.018,0.018
06.06.2022 04:21:37.576 GMT+0200,12.173,12.157,0.018,0.018
06.06.2022 04:21:37.626 GMT+0200,12.163,12.147,0.018,0.018
06.06.2022 04:21:38.610 GMT+0200,12.163,12.137,0.018,0.018
06.06.2022 04:21:44.610 GMT+0200,12.163,12.147,0.018,0.018
06.06.2022 04:21:49.955 GMT+0200,12.174000000000001,12.155999999999999,0.018,0.018
06.06.2022 04:22:34.490 GMT+0200,12.184000000000001,12.155999999999999,0.018,0.018
06.06.2022 04:22:35.491 GMT+0200,12.174000000000001,12.155999999999999,0.018,0.018
06.06.2022 04:22:38.549 GMT+0200,12.183,12.157,0.018,0.018
06.06.2022 04:22:46.122 GMT+0200,12.173,12.157,0.018,0.018
06.06.2022 04:23:12.806 GMT+0200,12.164000000000001,12.145999999999999,0.018,0.018
06.06.2022 04:23:25.094 GMT+0200,12.173,12.157,0.018,0.018
06.06.2022 04:23:26.089 GMT+0200,12.183,12.137,0.018,0.018
06.06.2022 04:23:28.158 GMT+0200,12.164000000000001,12.145999999999999,0.018,0.018
06.06.2022 04:23:34.449 GMT+0200,12.183,12.137,0.018,0.018
06.06.2022 04:23:40.799 GMT+0200,12.163,12.147,0.018,0.018
06.06.2022 04:23:43.801 GMT+0200,12.183,12.137,0.018,0.018
06.06.2022 04:23:47.076 GMT+0200,12.174000000000001,12.155999999999999,0.018,0.018
06.06.2022 04:23:57.342 GMT+0200,12.163,12.147,0.018,0.018
06.06.2022 04:23:59.558 GMT+0200,12.173,12.157,0.018,0.018
06.06.2022 04:24:08.814 GMT+0200,12.163,12.147,0.018,0.018
06.06.2022 04:24:53.169 GMT+0200,12.174000000000001,12.155999999999999,0.018,0.018
06.06.2022 04:24:58.239 GMT+0200,12.164000000000001,12.145999999999999,0.018,0.018
06.06.2022 04:25:10.854 GMT+0200,12.163,12.137,0.018,0.018
06.06.2022 04:25:14.888 GMT+0200,12.163,12.147,0.018,0.018
06.06.2022 04:25:22.313 GMT+0200,12.163,12.137,0.018,0.018
06.06.2022 04:27:15.474 GMT+0200,12.144000000000002,12.126,0.018,0.018
06.06.2022 04:27:16.465 GMT+0200,12.144000000000002,12.116,0.018,0.018
06.06.2022 04:27:32.730 GMT+0200,12.134,12.116,0.018,0.018
06.06.2022 04:27:36.023 GMT+0200,12.143,12.117,0.018,0.018
06.06.2022 04:29:19.573 GMT+0200,12.133,12.117,0.018,0.018
06.06.2022 04:29:29.009 GMT+0200,12.144000000000002,12.116,0.018,0.018
06.06.2022 04:29:45.707 GMT+0200,12.143,12.127,0.018,0.018
06.06.2022 04:29:54.132 GMT+0200,12.153,12.137,0.018,0.018
06.06.2022 04:29:55.131 GMT+0200,12.163,12.137,0.018,0.018
06.06.2022 04:30:36.655 GMT+0200,12.173,12.157,0.018,0.018
06.06.2022 04:30:37.657 GMT+0200,12.184000000000001,12.155999999999999,0.018,0.018
06.06.2022 04:30:56.638 GMT+0200,12.204,12.176,0.018,0.018
06.06.2022 04:30:57.638 GMT+0200,12.194,12.176,0.018,0.018
06.06.2022 04:31:18.486 GMT+0200,12.184000000000001,12.165999999999999,0.018,0.018
06.06.2022 04:31:20.625 GMT+0200,12.193,12.177000000000001,0.018,0.018
06.06.2022 04:31:24.326 GMT+0200,12.184000000000001,12.165999999999999,0.018,0.018
06.06.2022 04:31:25.336 GMT+0200,12.194,12.155999999999999,0.018,0.018
06.06.2022 04:31:26.327 GMT+0200,12.193,12.177000000000001,0.018,0.018
06.06.2022 04:31:30.895 GMT+0200,12.183,12.167000000000002,0.018,0.018
06.06.2022 04:32:04.949 GMT+0200,12.183,12.157,0.018,0.018
06.06.2022 04:32:39.492 GMT+0200,12.183,12.167000000000002,0.018,0.018
06.06.2022 04:32:49.498 GMT+0200,12.193,12.177000000000001,0.018,0.018
06.06.2022 04:33:24.698 GMT+0200,12.203,12.177000000000001,0.018,0.018
06.06.2022 04:33:25.341 GMT+0200,12.222999999999999,12.197000000000001,0.018,0.018
06.06.2022 04:33:26.334 GMT+0200,12.213,12.197000000000001,0.018,0.018
06.06.2022 04:33:29.338 GMT+0200,12.222999999999999,12.197000000000001,0.018,0.018
06.06.2022 04:34:19.111 GMT+0200,12.244000000000002,12.216,0.018,0.018
06.06.2022 04:34:20.117 GMT+0200,12.234000000000002,12.216,0.018,0.018
06.06.2022 04:34:33.286 GMT+0200,12.243,12.217,0.018,0.018
06.06.2022 04:35:02.732 GMT+0200,12.264000000000001,12.235999999999999,0.018,0.018
06.06.2022 04:35:03.682 GMT+0200,12.263,12.217,0.018,0.018
06.06.2022 04:35:10.224 GMT+0200,12.243,12.227,0.018,0.018
06.06.2022 04:35:14.213 GMT+0200,12.263,12.237,0.018,0.018
06.06.2022 04:35:15.169 GMT+0200,12.264000000000001,12.216,0.018,0.018
06.06.2022 04:35:15.330 GMT+0200,12.243,12.227,0.018,0.018
06.06.2022 04:35:16.332 GMT+0200,12.244000000000002,12.216,0.018,0.018
06.06.2022 04:35:19.908 GMT+0200,12.244000000000002,12.225999999999999,0.018,0.018
06.06.2022 04:35:40.308 GMT+0200,12.243,12.217,0.018,0.018
06.06.2022 04:37:01.819 GMT+0200,12.222999999999999,12.207,0.018,0.018
06.06.2022 04:37:05.770 GMT+0200,12.222999999999999,12.197000000000001,0.018,0.018
06.06.2022 04:37:20.475 GMT+0200,12.203,12.187000000000001,0.018,0.018
06.06.2022 04:37:21.475 GMT+0200,12.204,12.176,0.018,0.018
06.06.2022 04:37:47.140 GMT+0200,12.213,12.197000000000001,0.018,0.018
06.06.2022 04:37:59.932 GMT+0200,12.203,12.187000000000001,0.018,0.018
06.06.2022 04:38:00.903 GMT+0200,12.222999999999999,12.177000000000001,0.018,0.018
06.06.2022 04:38:01.733 GMT+0200,12.203,12.187000000000001,0.018,0.018
06.06.2022 04:39:01.761 GMT+0200,12.213,12.197000000000001,0.018,0.018
06.06.2022 04:39:05.772 GMT+0200,12.222999999999999,12.177000000000001,0.018,0.018
06.06.2022 04:39:06.962 GMT+0200,12.204,12.186,0.018,0.018
06.06.2022 04:39:07.966 GMT+0200,12.222999999999999,12.177000000000001,0.018,0.018
06.06.2022 04:39:10.615 GMT+0200,12.213,12.197000000000001,0.018,0.018
06.06.2022 04:39:30.339 GMT+0200,12.224000000000002,12.196,0.018,0.018
06.06.2022 04:40:11.312 GMT+0200,12.213,12.197000000000001,0.018,0.018
06.06.2022 04:40:29.200 GMT+0200,12.224000000000002,12.176,0.018,0.018
06.06.2022 04:40:40.173 GMT+0200,12.203,12.187000000000001,0.018,0.018
06.06.2022 04:40:45.611 GMT+0200,12.222999999999999,12.177000000000001,0.018,0.018
06.06.2022 04:40:47.374 GMT+0200,12.213,12.197000000000001,0.018,0.018
06.06.2022 04:41:03.561 GMT+0200,12.222999999999999,12.177000000000001,0.018,0.018
06.06.2022 04:41:04.165 GMT+0200,12.213,12.197000000000001,0.018,0.018
06.06.2022 04:41:05.167 GMT+0200,12.224000000000002,12.176,0.018,0.018
06.06.2022 04:41:33.749 GMT+0200,12.203,12.187000000000001,0.018,0.018
06.06.2022 04:41:40.434 GMT+0200,12.204,12.176,0.018,0.018
06.06.2022 04:42:02.483 GMT+0200,12.193,12.177000000000001,0.018,0.018
06.06.2022 04:42:03.484 GMT+0200,12.204,12.155999999999999,0.018,0.018
06.06.2022 04:42:06.623 GMT+0200,12.183,12.167000000000002,0.018,0.018
06.06.2022 04:42:07.626 GMT+0200,12.184000000000001,12.155999999999999,0.018,0.018
06.06.2022 04:44:14.795 GMT+0200,12.174000000000001,12.155999999999999,0.018,0.018
06.06.2022 04:44:25.429 GMT+0200,12.184000000000001,12.155999999999999,0.018,0.018
06.06.2022 04:44:28.418 GMT+0200,12.173,12.157,0.018,0.018
06.06.2022 04:44:56.637 GMT+0200,12.183,12.157,0.018,0.018
06.06.2022 04:50:16.118 GMT+0200,12.174000000000001,12.155999999999999,0.018,0.018
06.06.2022 04:50:24.015 GMT+0200,12.183,12.157,0.018,0.018
06.06.2022 04:51:05.429 GMT+0200,12.193,12.177000000000001,0.018,0.018
06.06.2022 04:51:06.418 GMT+0200,12.203,12.177000000000001,0.018,0.018
06.06.2022 04:51:08.569 GMT+0200,12.193,12.177000000000001,0.018,0.018
06.06.2022 04:51:10.544 GMT+0200,12.203,12.177000000000001,0.018,0.018
06.06.2022 04:52:17.830 GMT+0200,12.184000000000001,12.165999999999999,0.018,0.018
06.06.2022 04:52:22.777 GMT+0200,12.183,12.157,0.018,0.018
06.06.2022 04:53:55.889 GMT+0200,12.163,12.147,0.018,0.018
06.06.2022 04:53:56.882 GMT+0200,12.184000000000001,12.136,0.018,0.018
06.06.2022 04:53:58.289 GMT+0200,12.163,12.147,0.018,0.018
06.06.2022 04:54:00.541 GMT+0200,12.173,12.157,0.018,0.018
06.06.2022 04:54:01.546 GMT+0200,12.184000000000001,12.136,0.018,0.018
06.06.2022 04:54:04.973 GMT+0200,12.173,12.157,0.018,0.018
06.06.2022 04:54:05.973 GMT+0200,12.183,12.137,0.018,0.018
06.06.2022 04:54:16.566 GMT+0200,12.173,12.157,0.018,0.018
06.06.2022 04:54:19.903 GMT+0200,12.164000000000001,12.145999999999999,0.018,0.018
06.06.2022 04:54:20.994 GMT+0200,12.184000000000001,12.136,0.018,0.018
06.06.2022 04:54:24.850 GMT+0200,12.174000000000001,12.155999999999999,0.018,0.018
06.06.2022 04:54:25.854 GMT+0200,12.183,12.137,0.018,0.018
06.06.2022 04:54:28.404 GMT+0200,12.164000000000001,12.145999999999999,0.018,0.018
06.06.2022 04:54:37.555 GMT+0200,12.164000000000001,12.136,0.018,0.018
06.06.2022 04:54:55.639 GMT+0200,12.143,12.127,0.018,0.018
06.06.2022 04:54:56.639 GMT+0200,12.144000000000002,12.116,0.018,0.018
06.06.2022 04:57:23.537 GMT+0200,12.154000000000002,12.136,0.018,0.018
06.06.2022 04:58:12.233 GMT+0200,12.164000000000001,12.136,0.018,0.018
06.06.2022 04:58:14.586 GMT+0200,12.154000000000002,12.136,0.018,0.018
06.06.2022 04:58:46.711 GMT+0200,12.163,12.137,0.018,0.018
06.06.2022 04:59:15.318 GMT+0200,12.144000000000002,12.126,0.018,0.018
06.06.2022 04:59:16.323 GMT+0200,12.143,12.117,0.018,0.018
06.06.2022 05:00:32.899 GMT+0200,12.124,12.096,0.018,0.018
06.06.2022 05:02:39.442 GMT+0200,12.103,12.087000000000002,0.018,0.018
06.06.2022 05:02:40.435 GMT+0200,12.103,12.077,0.018,0.018
06.06.2022 05:02:58.567 GMT+0200,12.103,12.057,0.018,0.018
06.06.2022 05:03:00.226 GMT+0200,12.093,12.077,0.018,0.018
06.06.2022 05:03:11.491 GMT+0200,12.104000000000001,12.075999999999999,0.018,0.018
06.06.2022 05:03:19.339 GMT+0200,12.093,12.077,0.018,0.018
06.06.2022 05:04:32.150 GMT+0200,12.104000000000001,12.075999999999999,0.018,0.018
06.06.2022 05:05:30.562 GMT+0200,12.094000000000001,12.075999999999999,0.018,0.018
06.06.2022 05:05:41.529 GMT+0200,12.104000000000001,12.075999999999999,0.018,0.018
06.06.2022 05:05:45.238 GMT+0200,12.094000000000001,12.075999999999999,0.018,0.018
06.06.2022 05:06:05.079 GMT+0200,12.103,12.077,0.018,0.018
06.06.2022 05:06:32.930 GMT+0200,12.093,12.077,0.018,0.018
06.06.2022 05:06:58.716 GMT+0200,12.103,12.077,0.018,0.018
06.06.2022 05:07:40.285 GMT+0200,12.114,12.096,0.018,0.018
06.06.2022 05:07:41.285 GMT+0200,12.123,12.097000000000001,0.018,0.018
06.06.2022 05:07:46.807 GMT+0200,12.113,12.097000000000001,0.018,0.018
06.06.2022 05:08:23.220 GMT+0200,12.124,12.075999999999999,0.018,0.018
06.06.2022 05:08:40.946 GMT+0200,12.113,12.097000000000001,0.018,0.018
06.06.2022 05:08:52.354 GMT+0200,12.103,12.087000000000002,0.018,0.018
06.06.2022 05:08:53.366 GMT+0200,12.123,12.077,0.018,0.018
06.06.2022 05:09:03.677 GMT+0200,12.113,12.097000000000001,0.018,0.018
06.06.2022 05:09:14.327 GMT+0200,12.124,12.096,0.018,0.018
06.06.2022 05:10:21.515 GMT+0200,12.114,12.096,0.018,0.018
06.06.2022 05:10:38.378 GMT+0200,12.123,12.097000000000001,0.018,0.018
06.06.2022 05:11:02.807 GMT+0200,12.114,12.096,0.018,0.018
06.06.2022 05:11:18.047 GMT+0200,12.124,12.075999999999999,0.018,0.018
06.06.2022 05:11:18.870 GMT+0200,12.114,12.096,0.018,0.018
06.06.2022 05:11:22.216 GMT+0200,12.103,12.077,0.018,0.018
06.06.2022 05:13:20.827 GMT+0200,12.083,12.067,0.018,0.018
06.06.2022 05:13:21.830 GMT+0200,12.084000000000001,12.056,0.018,0.018
06.06.2022 05:13:26.129 GMT+0200,12.083,12.067,0.018,0.018
06.06.2022 05:13:39.651 GMT+0200,12.083,12.057,0.018,0.018
06.06.2022 05:14:35.537 GMT+0200,12.073,12.057,0.018,0.018
06.06.2022 05:14:42.084 GMT+0200,12.084000000000001,12.056,0.018,0.018
06.06.2022 05:15:01.315 GMT+0200,12.093,12.077,0.018,0.018
06.06.2022 05:15:02.314 GMT+0200,12.104000000000001,12.075999999999999,0.018,0.018
06.06.2022 05:15:07.956 GMT+0200,12.093,12.077,0.018,0.018
06.06.2022 05:16:07.785 GMT+0200,12.083,12.067,0.018,0.018
06.06.2022 05:16:08.784 GMT+0200,12.104000000000001,12.056,0.018,0.018
06.06.2022 05:16:10.493 GMT+0200,12.094000000000001,12.075999999999999,0.018,0.018
06.06.2022 05:16:23.762 GMT+0200,12.084000000000001,12.056,0.018,0.018
06.06.2022 05:17:55.470 GMT+0200,12.094000000000001,12.075999999999999,0.018,0.018
06.06.2022 05:17:58.610 GMT+0200,12.104000000000001,12.075999999999999,0.018,0.018
06.06.2022 05:18:06.965 GMT+0200,12.093,12.077,0.018,0.018
06.06.2022 05:18:13.999 GMT+0200,12.103,12.057,0.018,0.018
06.06.2022 05:18:20.454 GMT+0200,12.094000000000001,12.075999999999999,0.018,0.018
06.06.2022 05:18:21.460 GMT+0200,12.084000000000001,12.056,0.018,0.018
06.06.2022 05:18:41.019 GMT+0200,12.083,12.067,0.018,0.018
06.06.2022 05:19:15.559 GMT+0200,12.103,12.057,0.018,0.018
06.06.2022 05:19:27.594 GMT+0200,12.094000000000001,12.075999999999999,0.018,0.018
06.06.2022 05:19:45.347 GMT+0200,12.103,12.077,0.018,0.018
06.06.2022 05:20:23.745 GMT+0200,12.093,12.077,0.018,0.018
06.06.2022 05:20:56.392 GMT+0200,12.103,12.057,0.018,0.018
06.06.2022 05:21:14.404 GMT+0200,12.094000000000001,12.056,0.018,0.018
06.06.2022 05:21:15.292 GMT+0200,12.083,12.067,0.018,0.018
06.06.2022 05:21:16.306 GMT+0200,12.084000000000001,12.056,0.018,0.018
06.06.2022 05:21:22.846 GMT+0200,12.073,12.057,0.018,0.018
06.06.2022 05:21:27.873 GMT+0200,12.084000000000001,12.056,0.018,0.018
06.06.2022 05:22:10.894 GMT+0200,12.084000000000001,12.065999999999999,0.018,0.018
06.06.2022 05:22:15.922 GMT+0200,12.084000000000001,12.056,0.018,0.018
06.06.2022 05:22:18.443 GMT+0200,12.084000000000001,12.065999999999999,0.018,0.018
06.06.2022 05:22:28.570 GMT+0200,12.083,12.057,0.018,0.018
06.06.2022 05:22:37.095 GMT+0200,12.083,12.067,0.018,0.018
06.06.2022 05:22:40.794 GMT+0200,12.083,12.057,0.018,0.018
06.06.2022 05:23:05.382 GMT+0200,12.093,12.077,0.018,0.018
06.06.2022 05:23:46.337 GMT+0200,12.104000000000001,12.075999999999999,0.018,0.018
06.06.2022 05:31:05.536 GMT+0200,12.114,12.096,0.018,0.018
06.06.2022 05:31:06.530 GMT+0200,12.123,12.097000000000001,0.018,0.018
06.06.2022 05:31:33.158 GMT+0200,12.114,12.096,0.018,0.018
06.06.2022 05:31:44.411 GMT+0200,12.123,12.097000000000001,0.018,0.018
06.06.2022 05:31:46.396 GMT+0200,12.113,12.097000000000001,0.018,0.018
06.06.2022 05:31:48.235 GMT+0200,12.124,12.096,0.018,0.018
06.06.2022 05:32:15.695 GMT+0200,12.134,12.116,0.018,0.018
06.06.2022 05:32:16.686 GMT+0200,12.144000000000002,12.096,0.018,0.018
06.06.2022 05:32:20.913 GMT+0200,12.124,12.106,0.018,0.018
06.06.2022 05:32:21.914 GMT+0200,12.144000000000002,12.096,0.018,0.018
06.06.2022 05:32:51.165 GMT+0200,12.133,12.117,0.018,0.018
06.06.2022 05:33:06.211 GMT+0200,12.144000000000002,12.116,0.018,0.018
06.06.2022 05:33:14.889 GMT+0200,12.133,12.117,0.018,0.018
06.06.2022 05:33:41.146 GMT+0200,12.143,12.117,0.018,0.018
06.06.2022 05:34:24.736 GMT+0200,12.143,12.127,0.018,0.018
06.06.2022 05:34:33.466 GMT+0200,12.143,12.117,0.018,0.018
06.06.2022 05:34:35.581 GMT+0200,12.144000000000002,12.126,0.018,0.018
06.06.2022 05:34:42.325 GMT+0200,12.143,12.117,0.018,0.018
06.06.2022 05:37:29.516 GMT+0200,12.144000000000002,12.126,0.018,0.018
06.06.2022 05:37:30.518 GMT+0200,12.153,12.127,0.018,0.018
06.06.2022 05:37:30.990 GMT+0200,12.143,12.127,0.018,0.018
06.06.2022 05:37:36.787 GMT+0200,12.143,12.117,0.018,0.018
06.06.2022 05:37:42.351 GMT+0200,12.143,12.127,0.018,0.018
06.06.2022 05:37:44.487 GMT+0200,12.143,12.117,0.018,0.018
06.06.2022 05:37:49.680 GMT+0200,12.154000000000002,12.136,0.018,0.018
06.06.2022 05:38:19.613 GMT+0200,12.163,12.117,0.018,0.018
06.06.2022 05:38:21.206 GMT+0200,12.154000000000002,12.136,0.018,0.018
06.06.2022 05:38:31.966 GMT+0200,12.143,12.127,0.018,0.018
06.06.2022 05:38:56.861 GMT+0200,12.143,12.117,0.018,0.018
06.06.2022 05:39:15.061 GMT+0200,12.134,12.116,0.018,0.018
06.06.2022 05:39:20.331 GMT+0200,12.144000000000002,12.116,0.018,0.018
06.06.2022 05:39:24.474 GMT+0200,12.133,12.117,0.018,0.018
06.06.2022 05:39:55.640 GMT+0200,12.144000000000002,12.116,0.018,0.018
06.06.2022 05:39:56.640 GMT+0200,12.134,12.116,0.018,0.018
06.06.2022 05:40:04.367 GMT+0200,12.144000000000002,12.116,0.018,0.018
06.06.2022 05:40:05.871 GMT+0200,12.134,12.116,0.018,0.018
06.06.2022 05:40:17.348 GMT+0200,12.144000000000002,12.116,0.018,0.018
06.06.2022 05:41:08.691 GMT+0200,12.143,12.127,0.018,0.018
06.06.2022 05:41:10.568 GMT+0200,12.153,12.137,0.018,0.018
06.06.2022 05:42:04.596 GMT+0200,12.163,12.137,0.018,0.018
06.06.2022 05:43:09.175 GMT+0200,12.153,12.137,0.018,0.018
06.06.2022 05:43:17.807 GMT+0200,12.163,12.137,0.018,0.018
06.06.2022 05:45:03.059 GMT+0200,12.173,12.157,0.018,0.018
06.06.2022 05:45:11.400 GMT+0200,12.164000000000001,12.145999999999999,0.018,0.018
06.06.2022 05:45:52.119 GMT+0200,12.184000000000001,12.136,0.018,0.018
06.06.2022 05:46:10.415 GMT+0200,12.163,12.147,0.018,0.018
06.06.2022 05:46:33.104 GMT+0200,12.163,12.137,0.018,0.018
06.06.2022 05:50:52.355 GMT+0200,12.144000000000002,12.126,0.018,0.018
06.06.2022 05:50:53.345 GMT+0200,12.143,12.117,0.018,0.018
06.06.2022 05:51:03.799 GMT+0200,12.134,12.116,0.018,0.018
06.06.2022 05:51:07.780 GMT+0200,12.144000000000002,12.116,0.018,0.018
06.06.2022 05:53:24.859 GMT+0200,12.133,12.117,0.018,0.018
06.06.2022 05:53:34.923 GMT+0200,12.144000000000002,12.116,0.018,0.018
06.06.2022 05:53:35.926 GMT+0200,12.134,12.116,0.018,0.018
06.06.2022 05:53:36.924 GMT+0200,12.143,12.117,0.018,0.018
06.06.2022 05:53:37.927 GMT+0200,12.134,12.116,0.018,0.018
06.06.2022 05:53:42.204 GMT+0200,12.143,12.117,0.018,0.018
06.06.2022 05:54:24.188 GMT+0200,12.134,12.116,0.018,0.018
06.06.2022 05:55:03.355 GMT+0200,12.143,12.097000000000001,0.018,0.018
06.06.2022 05:55:22.799 GMT+0200,12.134,12.116,0.018,0.018
06.06.2022 05:55:39.397 GMT+0200,12.143,12.097000000000001,0.018,0.018
06.06.2022 05:55:47.215 GMT+0200,12.133,12.117,0.018,0.018
06.06.2022 05:55:52.847 GMT+0200,12.143,12.097000000000001,0.018,0.018
06.06.2022 05:55:56.894 GMT+0200,12.123,12.107000000000001,0.018,0.018
06.06.2022 05:55:57.893 GMT+0200,12.124,12.096,0.018,0.018
06.06.2022 05:57:07.534 GMT+0200,12.123,12.107000000000001,0.018,0.018
06.06.2022 05:57:30.842 GMT+0200,12.123,12.097000000000001,0.018,0.018
06.06.2022 05:57:40.229 GMT+0200,12.123,12.107000000000001,0.018,0.018
06.06.2022 05:57:57.098 GMT+0200,12.123,12.097000000000001,0.018,0.018
06.06.2022 05:58:03.655 GMT+0200,12.124,12.106,0.018,0.018
06.06.2022 05:58:04.667 GMT+0200,12.123,12.097000000000001,0.018,0.018
06.06.2022 05:58:07.827 GMT+0200,12.123,12.107000000000001,0.018,0.018
06.06.2022 05:58:09.984 GMT+0200,12.124,12.096,0.018,0.018
06.06.2022 05:58:15.497 GMT+0200,12.123,12.107000000000001,0.018,0.018
06.06.2022 05:58:33.125 GMT+0200,12.124,12.096,0.018,0.018
06.06.2022 05:58:37.224 GMT+0200,12.124,12.106,0.018,0.018
06.06.2022 05:58:39.914 GMT+0200,12.123,12.097000000000001,0.018,0.018
06.06.2022 05:59:00.708 GMT+0200,12.123,12.107000000000001,0.018,0.018
06.06.2022 05:59:03.807 GMT+0200,12.123,12.097000000000001,0.018,0.018
06.06.2022 05:59:17.444 GMT+0200,12.124,12.106,0.018,0.018
06.06.2022 05:59:28.206 GMT+0200,12.123,12.097000000000001,0.018,0.018
06.06.2022 05:59:29.206 GMT+0200,12.123,12.107000000000001,0.018,0.018
06.06.2022 07:00:00.745 GMT+0200,12.134,12.116,0.018,0.018
06.06.2022 07:00:03.822 GMT+0200,12.144000000000002,12.116,0.018,0.018
06.06.2022 07:00:32.546 GMT+0200,12.143,12.127,0.018,0.018
06.06.2022 07:00:34.580 GMT+0200,12.144000000000002,12.116,0.018,0.018
06.06.2022 07:00:48.735 GMT+0200,12.153,12.137,0.018,0.018
06.06.2022 07:00:52.984 GMT+0200,12.164000000000001,12.136,0.018,0.018
06.06.2022 07:01:20.341 GMT+0200,12.153,12.137,0.018,0.018
06.06.2022 07:01:40.584 GMT+0200,12.143,12.127,0.018,0.018
06.06.2022 07:01:43.850 GMT+0200,12.163,12.117,0.018,0.018
06.06.2022 07:01:52.170 GMT+0200,12.143,12.127,0.018,0.018
06.06.2022 07:01:53.187 GMT+0200,12.163,12.117,0.018,0.018
06.06.2022 07:02:02.943 GMT+0200,12.153,12.137,0.018,0.018
06.06.2022 07:02:10.586 GMT+0200,12.143,12.127,0.018,0.018
06.06.2022 07:02:24.771 GMT+0200,12.153,12.137,0.018,0.018
06.06.2022 07:02:25.769 GMT+0200,12.163,12.137,0.018,0.018
06.06.2022 07:02:36.412 GMT+0200,12.153,12.137,0.018,0.018
06.06.2022 07:02:39.132 GMT+0200,12.144000000000002,12.126,0.018,0.018
06.06.2022 07:02:40.133 GMT+0200,12.154000000000002,12.126,0.018,0.018
06.06.2022 07:02:41.140 GMT+0200,12.163,12.117,0.018,0.018
06.06.2022 07:02:48.015 GMT+0200,12.153,12.137,0.018,0.018
06.06.2022 07:03:06.065 GMT+0200,12.163,12.117,0.018,0.018
06.06.2022 07:03:23.184 GMT+0200,12.154000000000002,12.126,0.018,0.018
06.06.2022 07:03:26.483 GMT+0200,12.143,12.127,0.018,0.018
06.06.2022 07:03:36.323 GMT+0200,12.143,12.117,0.018,0.018
06.06.2022 07:03:41.025 GMT+0200,12.143,12.127,0.018,0.018
06.06.2022 07:03:48.500 GMT+0200,12.153,12.137,0.018,0.018
06.06.2022 07:04:07.559 GMT+0200,12.164000000000001,12.136,0.018,0.018
06.06.2022 07:04:14.781 GMT+0200,12.173,12.157,0.018,0.018
06.06.2022 07:04:15.772 GMT+0200,12.183,12.137,0.018,0.018
06.06.2022 07:04:15.947 GMT+0200,12.174000000000001,12.155999999999999,0.018,0.018
06.06.2022 07:04:17.736 GMT+0200,12.163,12.147,0.018,0.018
06.06.2022 07:04:32.390 GMT+0200,12.173,12.157,0.018,0.018
06.06.2022 07:04:38.366 GMT+0200,12.163,12.147,0.018,0.018
06.06.2022 07:04:42.376 GMT+0200,12.183,12.137,0.018,0.018
06.06.2022 07:04:48.289 GMT+0200,12.173,12.157,0.018,0.018
06.06.2022 07:04:49.290 GMT+0200,12.184000000000001,12.136,0.018,0.018
06.06.2022 07:04:56.600 GMT+0200,12.173,12.137,0.018,0.018
06.06.2022 07:05:03.271 GMT+0200,12.183,12.137,0.018,0.018
06.06.2022 07:05:05.489 GMT+0200,12.163,12.147,0.018,0.018
06.06.2022 07:05:18.212 GMT+0200,12.174000000000001,12.155999999999999,0.018,0.018
06.06.2022 07:05:18.882 GMT+0200,12.164000000000001,12.145999999999999,0.018,0.018
06.06.2022 07:05:20.890 GMT+0200,12.163,12.137,0.018,0.018
06.06.2022 07:05:35.777 GMT+0200,12.163,12.147,0.018,0.018
06.06.2022 07:05:38.974 GMT+0200,12.163,12.137,0.018,0.018
06.06.2022 07:05:39.542 GMT+0200,12.163,12.147,0.018,0.018
06.06.2022 07:05:40.531 GMT+0200,12.183,12.137,0.018,0.018
06.06.2022 07:05:47.908 GMT+0200,12.163,12.147,0.018,0.018
06.06.2022 07:05:48.909 GMT+0200,12.164000000000001,12.136,0.018,0.018
06.06.2022 07:05:58.264 GMT+0200,12.164000000000001,12.116,0.018,0.018
06.06.2022 07:06:02.112 GMT+0200,12.143,12.127,0.018,0.018
06.06.2022 07:06:03.113 GMT+0200,12.143,12.117,0.018,0.018
06.06.2022 07:06:04.113 GMT+0200,12.143,12.127,0.018,0.018
06.06.2022 07:06:05.115 GMT+0200,12.143,12.117,0.018,0.018
06.06.2022 07:06:05.251 GMT+0200,12.153,12.137,0.018,0.018
06.06.2022 07:06:07.353 GMT+0200,12.143,12.127,0.018,0.018
06.06.2022 07:06:08.354 GMT+0200,12.143,12.117,0.018,0.018
06.06.2022 07:07:05.545 GMT+0200,12.163,12.117,0.018,0.018
06.06.2022 07:07:14.558 GMT+0200,12.153,12.137,0.018,0.018
06.06.2022 07:07:24.347 GMT+0200,12.164000000000001,12.116,0.018,0.018
06.06.2022 07:07:51.435 GMT+0200,12.154000000000002,12.136,0.018,0.018
06.06.2022 07:08:03.931 GMT+0200,12.164000000000001,12.136,0.018,0.018
06.06.2022 07:08:04.930 GMT+0200,12.153,12.137,0.018,0.018
06.06.2022 07:09:15.544 GMT+0200,12.163,12.137,0.018,0.018
06.06.2022 07:09:28.429 GMT+0200,12.164000000000001,12.145999999999999,0.018,0.018
06.06.2022 07:09:28.549 GMT+0200,12.174000000000001,12.155999999999999,0.018,0.018
06.06.2022 07:09:42.426 GMT+0200,12.163,12.147,0.018,0.018
06.06.2022 07:09:48.677 GMT+0200,12.163,12.137,0.018,0.018
06.06.2022 07:09:56.025 GMT+0200,12.153,12.137,0.018,0.018
06.06.2022 07:10:15.343 GMT+0200,12.163,12.117,0.018,0.018
06.06.2022 07:10:50.543 GMT+0200,12.153,12.137,0.018,0.018
06.06.2022 07:12:26.308 GMT+0200,12.143,12.127,0.018,0.018
06.06.2022 07:12:27.316 GMT+0200,12.143,12.117,0.018,0.018
06.06.2022 07:12:28.316 GMT+0200,12.143,12.127,0.018,0.018
06.06.2022 07:12:33.314 GMT+0200,12.143,12.117,0.018,0.018
06.06.2022 07:13:17.952 GMT+0200,12.144000000000002,12.126,0.018,0.018
06.06.2022 07:13:26.123 GMT+0200,12.154000000000002,12.136,0.018,0.018
06.06.2022 07:13:27.132 GMT+0200,12.163,12.117,0.018,0.018
06.06.2022 07:13:35.171 GMT+0200,12.154000000000002,12.136,0.018,0.018
06.06.2022 07:14:52.540 GMT+0200,12.153,12.127,0.018,0.018
06.06.2022 07:14:53.541 GMT+0200,12.143,12.117,0.018,0.018
06.06.2022 07:15:07.182 GMT+0200,12.133,12.117,0.018,0.018
06.06.2022 07:15:14.886 GMT+0200,12.143,12.097000000000001,0.018,0.018
06.06.2022 07:15:30.459 GMT+0200,12.123,12.107000000000001,0.018,0.018
06.06.2022 07:15:54.057 GMT+0200,12.123,12.097000000000001,0.018,0.018
06.06.2022 07:17:15.930 GMT+0200,12.123,12.077,0.018,0.018
06.06.2022 07:17:20.684 GMT+0200,12.114,12.096,0.018,0.018
06.06.2022 07:17:24.430 GMT+0200,12.104000000000001,12.085999999999999,0.018,0.018
06.06.2022 07:18:08.047 GMT+0200,12.103,12.077,0.018,0.018
06.06.2022 07:18:18.016 GMT+0200,12.093,12.077,0.018,0.018
06.06.2022 07:18:46.592 GMT+0200,12.104000000000001,12.075999999999999,0.018,0.018
06.06.2022 07:18:49.266 GMT+0200,12.094000000000001,12.075999999999999,0.018,0.018
06.06.2022 07:19:20.216 GMT+0200,12.104000000000001,12.075999999999999,0.018,0.018
06.06.2022 07:19:34.515 GMT+0200,12.093,12.077,0.018,0.018
06.06.2022 07:20:29.033 GMT+0200,12.104000000000001,12.075999999999999,0.018,0.018
06.06.2022 07:22:20.570 GMT+0200,12.094000000000001,12.075999999999999,0.018,0.018
06.06.2022 07:23:57.879 GMT+0200,12.084000000000001,12.065999999999999,0.018,0.018
06.06.2022 07:24:22.644 GMT+0200,12.094000000000001,12.075999999999999,0.018,0.018
06.06.2022 07:25:42.039 GMT+0200,12.084000000000001,12.065999999999999,0.018,0.018
06.06.2022 07:26:21.479 GMT+0200,12.084000000000001,12.056,0.018,0.018
06.06.2022 07:26:41.205 GMT+0200,12.063,12.047,0.018,0.018
06.06.2022 07:26:42.213 GMT+0200,12.063,12.037,0.018,0.018
06.06.2022 07:26:48.806 GMT+0200,12.054000000000002,12.036,0.018,0.018
06.06.2022 07:26:51.887 GMT+0200,12.043,12.027000000000001,0.018,0.018
06.06.2022 07:26:52.902 GMT+0200,12.044,12.016,0.018,0.018
06.06.2022 07:26:53.902 GMT+0200,12.043,12.027000000000001,0.018,0.018
06.06.2022 07:26:54.926 GMT+0200,12.043,12.017000000000001,0.018,0.018
06.06.2022 07:27:05.329 GMT+0200,12.054000000000002,12.036,0.018,0.018
06.06.2022 07:27:05.960 GMT+0200,12.043,12.027000000000001,0.018,0.018
06.06.2022 07:27:06.953 GMT+0200,12.064000000000002,12.016,0.018,0.018
06.06.2022 07:27:07.868 GMT+0200,12.052999999999999,12.037,0.018,0.018
06.06.2022 07:27:10.338 GMT+0200,12.043,12.027000000000001,0.018,0.018
06.06.2022 07:27:16.933 GMT+0200,12.063,12.017000000000001,0.018,0.018
06.06.2022 07:27:25.407 GMT+0200,12.054000000000002,12.036,0.018,0.018
06.06.2022 07:28:16.198 GMT+0200,12.044,12.026,0.018,0.018
06.06.2022 07:29:22.197 GMT+0200,12.064000000000002,12.036,0.018,0.018
06.06.2022 07:29:24.199 GMT+0200,12.054000000000002,12.036,0.018,0.018
06.06.2022 07:29:51.150 GMT+0200,12.044,12.026,0.018,0.018
06.06.2022 07:29:52.149 GMT+0200,12.063,12.017000000000001,0.018,0.018
06.06.2022 07:29:52.692 GMT+0200,12.052999999999999,12.037,0.018,0.018
06.06.2022 07:30:26.136 GMT+0200,12.064000000000002,12.036,0.018,0.018
06.06.2022 07:32:10.891 GMT+0200,12.052999999999999,12.037,0.018,0.018
06.06.2022 07:32:19.125 GMT+0200,12.063,12.037,0.018,0.018
06.06.2022 07:32:20.109 GMT+0200,12.054000000000002,12.036,0.018,0.018
06.06.2022 07:33:55.995 GMT+0200,12.063,12.037,0.018,0.018
06.06.2022 07:35:19.275 GMT+0200,12.073,12.057,0.018,0.018
06.06.2022 07:35:20.276 GMT+0200,12.083,12.057,0.018,0.018
06.06.2022 07:35:51.065 GMT+0200,12.094000000000001,12.075999999999999,0.018,0.018
06.06.2022 07:35:52.066 GMT+0200,12.104000000000001,12.075999999999999,0.018,0.018
06.06.2022 07:36:00.703 GMT+0200,12.093,12.077,0.018,0.018
06.06.2022 07:36:06.583 GMT+0200,12.103,12.077,0.018,0.018
06.06.2022 07:37:03.339 GMT+0200,12.094000000000001,12.075999999999999,0.018,0.018
06.06.2022 07:37:05.572 GMT+0200,12.084000000000001,12.065999999999999,0.018,0.018
06.06.2022 07:37:07.567 GMT+0200,12.083,12.057,0.018,0.018
06.06.2022 07:37:27.430 GMT+0200,12.073,12.057,0.018,0.018
06.06.2022 07:37:28.431 GMT+0200,12.084000000000001,12.056,0.018,0.018
06.06.2022 07:37:35.371 GMT+0200,12.073,12.057,0.018,0.018
06.06.2022 07:37:38.438 GMT+0200,12.083,12.057,0.018,0.018
06.06.2022 07:38:44.103 GMT+0200,12.084000000000001,12.065999999999999,0.018,0.018
06.06.2022 07:38:48.403 GMT+0200,12.084000000000001,12.056,0.018,0.018
06.06.2022 07:38:56.084 GMT+0200,12.083,12.067,0.018,0.018
06.06.2022 07:39:41.947 GMT+0200,12.084000000000001,12.056,0.018,0.018
06.06.2022 07:39:45.618 GMT+0200,12.083,12.067,0.018,0.018
06.06.2022 07:39:48.192 GMT+0200,12.084000000000001,12.056,0.018,0.018
06.06.2022 07:39:49.186 GMT+0200,12.083,12.067,0.018,0.018
06.06.2022 07:40:13.891 GMT+0200,12.084000000000001,12.056,0.018,0.018
06.06.2022 07:40:14.892 GMT+0200,12.083,12.067,0.018,0.018
06.06.2022 07:40:15.883 GMT+0200,12.084000000000001,12.056,0.018,0.018
06.06.2022 07:40:19.109 GMT+0200,12.084000000000001,12.065999999999999,0.018,0.018
06.06.2022 07:40:20.599 GMT+0200,12.083,12.057,0.018,0.018
06.06.2022 07:40:21.606 GMT+0200,12.083,12.067,0.018,0.018
06.06.2022 07:40:23.546 GMT+0200,12.083,12.057,0.018,0.018
06.06.2022 07:40:25.543 GMT+0200,12.083,12.067,0.018,0.018
06.06.2022 07:40:26.544 GMT+0200,12.084000000000001,12.056,0.018,0.018
06.06.2022 07:42:26.412 GMT+0200,12.084000000000001,12.065999999999999,0.018,0.018
06.06.2022 07:42:27.625 GMT+0200,12.094000000000001,12.075999999999999,0.018,0.018
06.06.2022 07:43:35.219 GMT+0200,12.104000000000001,12.075999999999999,0.018,0.018
06.06.2022 07:44:58.841 GMT+0200,12.093,12.077,0.018,0.018
06.06.2022 07:45:20.521 GMT+0200,12.083,12.067,0.018,0.018
06.06.2022 07:45:21.523 GMT+0200,12.083,12.057,0.018,0.018
06.06.2022 07:45:39.044 GMT+0200,12.073,12.057,0.018,0.018
06.06.2022 07:45:40.236 GMT+0200,12.083,12.057,0.018,0.018
06.06.2022 07:45:43.620 GMT+0200,12.073,12.057,0.018,0.018
06.06.2022 07:45:55.182 GMT+0200,12.083,12.057,0.018,0.018
06.06.2022 07:46:03.308 GMT+0200,12.074000000000002,12.056,0.018,0.018
06.06.2022 07:46:05.191 GMT+0200,12.084000000000001,12.056,0.018,0.018
06.06.2022 07:46:13.112 GMT+0200,12.074000000000002,12.056,0.018,0.018
06.06.2022 07:46:14.115 GMT+0200,12.084000000000001,12.056,0.018,0.018
06.06.2022 07:46:15.114 GMT+0200,12.073,12.057,0.018,0.018
06.06.2022 07:46:16.115 GMT+0200,12.083,12.057,0.018,0.018
06.06.2022 07:46:20.099 GMT+0200,12.073,12.057,0.018,0.018
06.06.2022 07:46:22.321 GMT+0200,12.084000000000001,12.056,0.018,0.018
06.06.2022 07:46:59.724 GMT+0200,12.084000000000001,12.065999999999999,0.018,0.018
06.06.2022 07:47:40.460 GMT+0200,12.094000000000001,12.075999999999999,0.018,0.018
06.06.2022 07:48:25.186 GMT+0200,12.103,12.077,0.018,0.018
06.06.2022 07:49:55.531 GMT+0200,12.083,12.067,0.018,0.018
06.06.2022 07:49:56.532 GMT+0200,12.083,12.057,0.018,0.018
06.06.2022 07:49:59.742 GMT+0200,12.074000000000002,12.056,0.018,0.018
06.06.2022 07:50:02.051 GMT+0200,12.084000000000001,12.056,0.018,0.018
06.06.2022 07:50:37.440 GMT+0200,12.074000000000002,12.056,0.018,0.018
06.06.2022 07:50:50.076 GMT+0200,12.063,12.047,0.018,0.018
06.06.2022 07:51:00.211 GMT+0200,12.084000000000001,12.056,0.018,0.018
06.06.2022 07:51:29.162 GMT+0200,12.073,12.057,0.018,0.018
06.06.2022 07:51:33.299 GMT+0200,12.083,12.057,0.018,0.018
06.06.2022 07:51:34.298 GMT+0200,12.073,12.057,0.018,0.018
06.06.2022 07:51:35.296 GMT+0200,12.084000000000001,12.056,0.018,0.018
06.06.2022 07:51:38.350 GMT+0200,12.073,12.057,0.018,0.018
06.06.2022 07:51:39.351 GMT+0200,12.083,12.057,0.018,0.018
06.06.2022 07:51:44.320 GMT+0200,12.073,12.057,0.018,0.018
06.06.2022 07:52:56.198 GMT+0200,12.083,12.057,0.018,0.018
06.06.2022 07:52:59.643 GMT+0200,12.074000000000002,12.056,0.018,0.018
06.06.2022 07:53:00.651 GMT+0200,12.083,12.057,0.018,0.018
06.06.2022 07:53:03.766 GMT+0200,12.073,12.057,0.018,0.018
06.06.2022 07:53:06.018 GMT+0200,12.083,12.057,0.018,0.018
06.06.2022 07:53:17.359 GMT+0200,12.073,12.057,0.018,0.018
06.06.2022 07:53:24.641 GMT+0200,12.083,12.057,0.018,0.018
06.06.2022 07:53:48.001 GMT+0200,12.073,12.057,0.018,0.018
06.06.2022 07:53:57.770 GMT+0200,12.084000000000001,12.056,0.018,0.018
06.06.2022 07:53:58.771 GMT+0200,12.074000000000002,12.056,0.018,0.018
06.06.2022 07:54:34.111 GMT+0200,12.083,12.057,0.018,0.018
06.06.2022 08:00:46.578 GMT+0200,12.083,12.067,0.018,0.018
06.06.2022 08:00:48.586 GMT+0200,12.083,12.057,0.018,0.018
06.06.2022 08:01:32.564 GMT+0200,12.083,12.067,0.018,0.018
06.06.2022 08:01:34.566 GMT+0200,12.083,12.057,0.018,0.018
06.06.2022 08:01:40.827 GMT+0200,12.083,12.067,0.018,0.018
06.06.2022 08:01:45.310 GMT+0200,12.093,12.077,0.018,0.018
06.06.2022 08:02:08.860 GMT+0200,12.083,12.067,0.018,0.018
06.06.2022 08:02:09.856 GMT+0200,12.083,12.057,0.018,0.018
06.06.2022 08:02:33.592 GMT+0200,12.083,12.067,0.018,0.018
06.06.2022 08:02:34.605 GMT+0200,12.083,12.057,0.018,0.018
06.06.2022 08:02:45.683 GMT+0200,12.084000000000001,12.065999999999999,0.018,0.018
06.06.2022 08:03:50.535 GMT+0200,12.084000000000001,12.056,0.018,0.018
06.06.2022 08:03:52.922 GMT+0200,12.084000000000001,12.065999999999999,0.018,0.018
06.06.2022 08:04:16.141 GMT+0200,12.094000000000001,12.075999999999999,0.018,0.018
06.06.2022 08:04:17.143 GMT+0200,12.104000000000001,12.056,0.018,0.018
06.06.2022 08:04:31.804 GMT+0200,12.083,12.067,0.018,0.018
06.06.2022 08:04:32.806 GMT+0200,12.103,12.057,0.018,0.018
06.06.2022 08:04:57.660 GMT+0200,12.093,12.077,0.018,0.018
06.06.2022 08:05:11.403 GMT+0200,12.104000000000001,12.075999999999999,0.018,0.018
06.06.2022 08:05:14.703 GMT+0200,12.094000000000001,12.075999999999999,0.018,0.018
06.06.2022 08:05:20.336 GMT+0200,12.103,12.077,0.018,0.018
06.06.2022 08:05:23.680 GMT+0200,12.093,12.077,0.018,0.018
06.06.2022 08:06:05.224 GMT+0200,12.103,12.077,0.018,0.018
06.06.2022 08:09:09.083 GMT+0200,12.113,12.097000000000001,0.018,0.018
06.06.2022 08:09:12.090 GMT+0200,12.123,12.097000000000001,0.018,0.018
06.06.2022 08:09:43.096 GMT+0200,12.134,12.116,0.018,0.018
06.06.2022 08:09:50.953 GMT+0200,12.143,12.117,0.018,0.018
06.06.2022 08:09:55.937 GMT+0200,12.143,12.097000000000001,0.018,0.018
06.06.2022 08:10:01.839 GMT+0200,12.133,12.117,0.018,0.018
06.06.2022 08:10:02.853 GMT+0200,12.113,12.097000000000001,0.018,0.018
06.06.2022 08:10:11.274 GMT+0200,12.124,12.096,0.018,0.018
06.06.2022 08:10:12.276 GMT+0200,12.114,12.096,0.018,0.018
06.06.2022 08:10:18.636 GMT+0200,12.123,12.097000000000001,0.018,0.018
06.06.2022 08:10:24.612 GMT+0200,12.113,12.097000000000001,0.018,0.018
06.06.2022 08:10:26.199 GMT+0200,12.123,12.097000000000001,0.018,0.018
06.06.2022 08:11:12.205 GMT+0200,12.103,12.087000000000002,0.018,0.018
06.06.2022 08:11:13.203 GMT+0200,12.103,12.077,0.018,0.018
06.06.2022 08:12:12.731 GMT+0200,12.093,12.077,0.018,0.018
06.06.2022 08:12:16.366 GMT+0200,12.104000000000001,12.075999999999999,0.018,0.018
06.06.2022 08:12:36.211 GMT+0200,12.094000000000001,12.075999999999999,0.018,0.018
06.06.2022 08:12:50.491 GMT+0200,12.104000000000001,12.075999999999999,0.018,0.018
06.06.2022 08:12:53.257 GMT+0200,12.093,12.077,0.018,0.018
06.06.2022 08:13:04.950 GMT+0200,12.103,12.077,0.018,0.018
06.06.2022 08:13:48.964 GMT+0200,12.113,12.097000000000001,0.018,0.018
06.06.2022 08:14:05.168 GMT+0200,12.143,12.097000000000001,0.018,0.018
06.06.2022 08:14:05.748 GMT+0200,12.123,12.107000000000001,0.018,0.018
06.06.2022 08:14:16.330 GMT+0200,12.124,12.096,0.018,0.018
06.06.2022 08:14:27.974 GMT+0200,12.133,12.117,0.018,0.018
06.06.2022 08:15:04.984 GMT+0200,12.124,12.106,0.018,0.018
06.06.2022 08:15:05.986 GMT+0200,12.123,12.097000000000001,0.018,0.018
06.06.2022 08:15:38.668 GMT+0200,12.113,12.097000000000001,0.018,0.018
06.06.2022 08:16:21.060 GMT+0200,12.123,12.097000000000001,0.018,0.018
06.06.2022 08:17:22.836 GMT+0200,12.113,12.097000000000001,0.018,0.018
06.06.2022 08:17:23.850 GMT+0200,12.123,12.097000000000001,0.018,0.018
06.06.2022 08:17:25.000 GMT+0200,12.113,12.097000000000001,0.018,0.018
06.06.2022 08:17:29.321 GMT+0200,12.124,12.096,0.018,0.018
06.06.2022 08:17:33.116 GMT+0200,12.114,12.096,0.018,0.018
06.06.2022 08:17:34.124 GMT+0200,12.124,12.096,0.018,0.018
06.06.2022 08:17:44.357 GMT+0200,12.113,12.097000000000001,0.018,0.018
06.06.2022 08:17:46.360 GMT+0200,12.124,12.096,0.018,0.018
06.06.2022 08:17:49.069 GMT+0200,12.113,12.097000000000001,0.018,0.018
06.06.2022 08:17:51.564 GMT+0200,12.123,12.097000000000001,0.018,0.018
06.06.2022 08:19:12.499 GMT+0200,12.123,12.107000000000001,0.018,0.018
06.06.2022 08:19:15.108 GMT+0200,12.134,12.116,0.018,0.018
06.06.2022 08:19:19.513 GMT+0200,12.143,12.117,0.018,0.018
06.06.2022 08:19:46.195 GMT+0200,12.143,12.127,0.018,0.018
06.06.2022 08:19:54.792 GMT+0200,12.154000000000002,12.136,0.018,0.018
06.06.2022 08:20:10.730 GMT+0200,12.144000000000002,12.126,0.018,0.018
06.06.2022 08:20:11.004 GMT+0200,12.153,12.137,0.018,0.018
06.06.2022 08:20:11.957 GMT+0200,12.153,12.117,0.018,0.018
06.06.2022 08:20:12.700 GMT+0200,12.144000000000002,12.126,0.018,0.018
06.06.2022 08:20:15.698 GMT+0200,12.153,12.137,0.018,0.018
06.06.2022 08:20:15.967 GMT+0200,12.153,12.137,0.018,0.018
06.06.2022 08:21:10.348 GMT+0200,12.144000000000002,12.126,0.018,0.018
06.06.2022 08:21:11.350 GMT+0200,12.144000000000002,12.116,0.018,0.018
06.06.2022 08:21:12.350 GMT+0200,12.143,12.127,0.018,0.018
06.06.2022 08:21:13.351 GMT+0200,12.143,12.117,0.018,0.018
06.06.2022 08:21:41.508 GMT+0200,12.133,12.117,0.018,0.018
06.06.2022 08:23:18.177 GMT+0200,12.143,12.117,0.018,0.018
06.06.2022 08:23:28.203 GMT+0200,12.133,12.117,0.018,0.018
06.06.2022 08:24:20.045 GMT+0200,12.143,12.117,0.018,0.018
06.06.2022 08:25:32.178 GMT+0200,12.134,12.116,0.018,0.018
06.06.2022 08:26:09.799 GMT+0200,12.123,12.107000000000001,0.018,0.018
06.06.2022 08:27:51.621 GMT+0200,12.123,12.107000000000001,0.018,0.018
06.06.2022 08:27:52.211 GMT+0200,12.134,12.116,0.018,0.018
06.06.2022 08:28:12.729 GMT+0200,12.133,12.097000000000001,0.018,0.018
06.06.2022 08:28:14.705 GMT+0200,12.124,12.106,0.018,0.018
06.06.2022 08:28:17.811 GMT+0200,12.123,12.097000000000001,0.018,0.018
06.06.2022 08:28:18.812 GMT+0200,12.123,12.107000000000001,0.018,0.018
06.06.2022 08:28:19.814 GMT+0200,12.124,12.096,0.018,0.018
06.06.2022 08:28:38.729 GMT+0200,12.134,12.116,0.018,0.018
06.06.2022 08:30:48.663 GMT+0200,12.143,12.117,0.018,0.018
06.06.2022 08:32:08.324 GMT+0200,12.153,12.137,0.018,0.018
06.06.2022 08:33:10.484 GMT+0200,12.144000000000002,12.126,0.018,0.018
06.06.2022 08:33:11.486 GMT+0200,12.144000000000002,12.116,0.018,0.018
06.06.2022 08:33:43.990 GMT+0200,12.143,12.127,0.018,0.018
06.06.2022 08:33:58.515 GMT+0200,12.144000000000002,12.116,0.018,0.018
06.06.2022 08:34:01.517 GMT+0200,12.143,12.127,0.018,0.018
06.06.2022 08:34:02.528 GMT+0200,12.144000000000002,12.116,0.018,0.018
06.06.2022 08:37:19.365 GMT+0200,12.143,12.127,0.018,0.018
06.06.2022 08:38:28.007 GMT+0200,12.153,12.137,0.018,0.018
06.06.2022 08:38:45.184 GMT+0200,12.164000000000001,12.136,0.018,0.018
06.06.2022 08:51:17.987 GMT+0200,12.153,12.137,0.018,0.018
06.06.2022 08:51:18.999 GMT+0200,12.163,12.137,0.018,0.018
06.06.2022 08:51:32.356 GMT+0200,12.153,12.137,0.018,0.018
06.06.2022 08:51:33.353 GMT+0200,12.164000000000001,12.136,0.018,0.018
06.06.2022 08:52:06.678 GMT+0200,12.153,12.137,0.018,0.018
06.06.2022 08:52:07.687 GMT+0200,12.163,12.137,0.018,0.018
06.06.2022 08:52:17.347 GMT+0200,12.153,12.137,0.018,0.018
06.06.2022 08:53:42.158 GMT+0200,12.164000000000001,12.136,0.018,0.018
06.06.2022 08:54:05.350 GMT+0200,12.153,12.137,0.018,0.018
06.06.2022 08:54:34.673 GMT+0200,12.164000000000001,12.136,0.018,0.018
06.06.2022 08:54:38.866 GMT+0200,12.153,12.137,0.018,0.018
06.06.2022 08:54:50.508 GMT+0200,12.163,12.137,0.018,0.018
06.06.2022 09:00:22.416 GMT+0200,12.144000000000002,12.126,0.018,0.018
06.06.2022 09:00:32.405 GMT+0200,12.143,12.117,0.018,0.018
06.06.2022 09:01:22.041 GMT+0200,12.143,12.127,0.018,0.018
06.06.2022 09:01:28.540 GMT+0200,12.153,12.137,0.018,0.018
06.06.2022 09:01:29.545 GMT+0200,12.164000000000001,12.136,0.018,0.018
06.06.2022 09:01:57.059 GMT+0200,12.164000000000001,12.116,0.018,0.018
06.06.2022 09:01:58.061 GMT+0200,12.154000000000002,12.126,0.018,0.018
06.06.2022 09:02:11.326 GMT+0200,12.154000000000002,12.136,0.018,0.018
06.06.2022 09:03:05.374 GMT+0200,12.143,12.127,0.018,0.018
06.06.2022 09:03:48.000 GMT+0200,12.144000000000002,12.116,0.018,0.018
06.06.2022 09:03:57.423 GMT+0200,12.143,12.127,0.018,0.018
06.06.2022 09:05:42.819 GMT+0200,12.153,12.137,0.018,0.018
06.06.2022 09:06:01.344 GMT+0200,12.163,12.117,0.018,0.018
06.06.2022 09:06:15.179 GMT+0200,12.153,12.127,0.018,0.018
06.06.2022 09:07:21.085 GMT+0200,12.144000000000002,12.116,0.018,0.018
06.06.2022 09:08:19.852 GMT+0200,12.143,12.127,0.018,0.018
06.06.2022 09:09:21.092 GMT+0200,12.143,12.117,0.018,0.018
06.06.2022 09:09:22.083 GMT+0200,12.143,12.127,0.018,0.018
06.06.2022 09:09:39.151 GMT+0200,12.143,12.117,0.018,0.018
06.06.2022 09:10:34.358 GMT+0200,12.123,12.107000000000001,0.018,0.018
06.06.2022 09:10:36.350 GMT+0200,12.124,12.096,0.018,0.018
06.06.2022 09:12:36.989 GMT+0200,12.113,12.097000000000001,0.018,0.018
06.06.2022 09:12:52.509 GMT+0200,12.123,12.097000000000001,0.018,0.018
06.06.2022 09:14:31.219 GMT+0200,12.113,12.097000000000001,0.018,0.018
06.06.2022 09:15:11.521 GMT+0200,12.124,12.096,0.018,0.018
06.06.2022 09:15:13.372 GMT+0200,12.113,12.097000000000001,0.018,0.018
06.06.2022 09:15:35.196 GMT+0200,12.123,12.097000000000001,0.018,0.018
06.06.2022 09:16:21.945 GMT+0200,12.133,12.117,0.018,0.018
06.06.2022 09:17:25.534 GMT+0200,12.143,12.117,0.018,0.018
06.06.2022 09:18:27.785 GMT+0200,12.133,12.117,0.018,0.018
06.06.2022 09:18:30.965 GMT+0200,12.144000000000002,12.116,0.018,0.018
06.06.2022 09:18:37.093 GMT+0200,12.134,12.116,0.018,0.018
06.06.2022 09:18:46.118 GMT+0200,12.144000000000002,12.116,0.018,0.018
06.06.2022 09:18:49.575 GMT+0200,12.134,12.116,0.018,0.018
06.06.2022 09:19:03.347 GMT+0200,12.143,12.117,0.018,0.018
06.06.2022 09:19:10.126 GMT+0200,12.133,12.117,0.018,0.018
06.06.2022 09:19:59.975 GMT+0200,12.123,12.107000000000001,0.018,0.018
06.06.2022 09:20:00.975 GMT+0200,12.123,12.097000000000001,0.018,0.018
06.06.2022 09:20:29.959 GMT+0200,12.114,12.096,0.018,0.018
06.06.2022 09:20:30.959 GMT+0200,12.124,12.096,0.018,0.018
06.06.2022 09:20:53.892 GMT+0200,12.123,12.077,0.018,0.018
06.06.2022 09:20:54.744 GMT+0200,12.104000000000001,12.085999999999999,0.018,0.018
06.06.2022 09:20:55.743 GMT+0200,12.103,12.077,0.018,0.018
06.06.2022 09:21:01.225 GMT+0200,12.123,12.077,0.018,0.018
06.06.2022 09:21:26.008 GMT+0200,12.113,12.097000000000001,0.018,0.018
06.06.2022 09:21:32.350 GMT+0200,12.104000000000001,12.085999999999999,0.018,0.018
06.06.2022 09:21:53.310 GMT+0200,12.104000000000001,12.075999999999999,0.018,0.018
06.06.2022 09:22:02.003 GMT+0200,12.123,12.077,0.018,0.018
06.06.2022 09:22:48.202 GMT+0200,12.114,12.096,0.018,0.018
06.06.2022 09:23:35.795 GMT+0200,12.123,12.097000000000001,0.018,0.018
06.06.2022 09:24:02.515 GMT+0200,12.113,12.097000000000001,0.018,0.018
06.06.2022 09:24:22.623 GMT+0200,12.124,12.096,0.018,0.018
06.06.2022 09:24:24.991 GMT+0200,12.113,12.097000000000001,0.018,0.018
06.06.2022 09:25:17.986 GMT+0200,12.124,12.096,0.018,0.018
06.06.2022 09:25:37.955 GMT+0200,12.113,12.097000000000001,0.018,0.018
06.06.2022 09:25:40.034 GMT+0200,12.124,12.096,0.018,0.018
06.06.2022 09:25:41.028 GMT+0200,12.113,12.097000000000001,0.018,0.018
06.06.2022 09:26:29.571 GMT+0200,12.124,12.075999999999999,0.018,0.018
06.06.2022 09:26:34.006 GMT+0200,12.104000000000001,12.085999999999999,0.018,0.018
06.06.2022 09:26:40.544 GMT+0200,12.103,12.077,0.018,0.018
06.06.2022 09:26:42.279 GMT+0200,12.104000000000001,12.085999999999999,0.018,0.018
06.06.2022 09:26:43.964 GMT+0200,12.103,12.077,0.018,0.018
06.06.2022 09:27:20.166 GMT+0200,12.114,12.096,0.018,0.018
06.06.2022 09:27:28.201 GMT+0200,12.124,12.075999999999999,0.018,0.018
06.06.2022 09:27:28.252 GMT+0200,12.103,12.087000000000002,0.018,0.018
06.06.2022 09:27:34.010 GMT+0200,12.113,12.097000000000001,0.018,0.018
06.06.2022 09:27:36.009 GMT+0200,12.124,12.075999999999999,0.018,0.018
06.06.2022 09:27:38.741 GMT+0200,12.113,12.097000000000001,0.018,0.018
06.06.2022 09:27:39.757 GMT+0200,12.123,12.077,0.018,0.018
06.06.2022 09:27:40.940 GMT+0200,12.103,12.087000000000002,0.018,0.018
06.06.2022 09:27:58.283 GMT+0200,12.103,12.077,0.018,0.018
06.06.2022 09:29:30.286 GMT+0200,12.084000000000001,12.065999999999999,0.018,0.018
06.06.2022 09:29:30.873 GMT+0200,12.093,12.077,0.018,0.018
06.06.2022 09:29:38.773 GMT+0200,12.103,12.057,0.018,0.018
06.06.2022 09:29:43.394 GMT+0200,12.083,12.067,0.018,0.018
06.06.2022 09:29:45.181 GMT+0200,12.103,12.057,0.018,0.018
06.06.2022 09:30:37.442 GMT+0200,12.083,12.067,0.018,0.018
06.06.2022 09:30:38.446 GMT+0200,12.104000000000001,12.075999999999999,0.018,0.018
06.06.2022 09:32:24.616 GMT+0200,12.104000000000001,12.085999999999999,0.018,0.018
06.06.2022 09:32:34.766 GMT+0200,12.104000000000001,12.075999999999999,0.018,0.018
06.06.2022 09:33:03.209 GMT+0200,12.103,12.087000000000002,0.018,0.018
06.06.2022 09:33:16.953 GMT+0200,12.103,12.077,0.018,0.018
06.06.2022 09:33:19.420 GMT+0200,12.103,12.087000000000002,0.018,0.018
06.06.2022 09:33:21.202 GMT+0200,12.123,12.097000000000001,0.018,0.018
06.06.2022 09:34:02.048 GMT+0200,12.144000000000002,12.096,0.018,0.018
06.06.2022 09:34:02.610 GMT+0200,12.133,12.117,0.018,0.018
06.06.2022 09:34:03.600 GMT+0200,12.144000000000002,12.116,0.018,0.018
06.06.2022 09:34:04.600 GMT+0200,12.134,12.116,0.018,0.018
06.06.2022 09:34:05.602 GMT+0200,12.143,12.117,0.018,0.018
06.06.2022 09:36:09.550 GMT+0200,12.153,12.137,0.018,0.018
06.06.2022 09:36:10.549 GMT+0200,12.163,12.137,0.018,0.018
06.06.2022 09:42:23.861 GMT+0200,12.173,12.157,0.018,0.018
06.06.2022 09:42:24.862 GMT+0200,12.183,12.157,0.018,0.018
06.06.2022 09:42:31.412 GMT+0200,12.173,12.157,0.018,0.018
06.06.2022 09:42:33.410 GMT+0200,12.183,12.157,0.018,0.018
06.06.2022 09:42:34.414 GMT+0200,12.174000000000001,12.155999999999999,0.018,0.018
06.06.2022 09:42:39.199 GMT+0200,12.183,12.157,0.018,0.018
06.06.2022 09:42:40.201 GMT+0200,12.173,12.157,0.018,0.018
06.06.2022 09:42:50.403 GMT+0200,12.184000000000001,12.155999999999999,0.018,0.018
06.06.2022 09:44:11.841 GMT+0200,12.184000000000001,12.165999999999999,0.018,0.018
06.06.2022 09:44:11.891 GMT+0200,12.193,12.177000000000001,0.018,0.018
06.06.2022 09:44:15.325 GMT+0200,12.204,12.176,0.018,0.018
06.06.2022 09:45:34.297 GMT+0200,12.204,12.186,0.018,0.018
06.06.2022 09:45:35.019 GMT+0200,12.213,12.197000000000001,0.018,0.018
06.06.2022 09:45:35.985 GMT+0200,12.224000000000002,12.196,0.018,0.018
06.06.2022 09:46:39.152 GMT+0200,12.224000000000002,12.206,0.018,0.018
06.06.2022 09:46:43.405 GMT+0200,12.234000000000002,12.216,0.018,0.018
06.06.2022 09:46:45.383 GMT+0200,12.244000000000002,12.216,0.018,0.018
06.06.2022 09:48:37.527 GMT+0200,12.243,12.227,0.018,0.018
06.06.2022 09:48:39.748 GMT+0200,12.253,12.237,0.018,0.018
06.06.2022 09:48:55.519 GMT+0200,12.264000000000001,12.235999999999999,0.018,0.018
06.06.2022 09:48:58.532 GMT+0200,12.253,12.237,0.018,0.018
06.06.2022 09:49:00.817 GMT+0200,12.243,12.227,0.018,0.018
06.06.2022 09:49:01.489 GMT+0200,12.254000000000001,12.235999999999999,0.018,0.018
06.06.2022 09:49:13.198 GMT+0200,12.244000000000002,12.225999999999999,0.018,0.018
06.06.2022 09:49:55.271 GMT+0200,12.244000000000002,12.216,0.018,0.018
06.06.2022 09:49:55.322 GMT+0200,12.254000000000001,12.235999999999999,0.018,0.018
06.06.2022 09:49:56.273 GMT+0200,12.253,12.217,0.018,0.018
06.06.2022 09:49:58.731 GMT+0200,12.244000000000002,12.225999999999999,0.018,0.018
06.06.2022 09:50:02.134 GMT+0200,12.263,12.237,0.018,0.018
06.06.2022 09:50:09.590 GMT+0200,12.283,12.257000000000001,0.018,0.018
06.06.2022 09:50:10.590 GMT+0200,12.274000000000001,12.256,0.018,0.018
06.06.2022 09:50:31.467 GMT+0200,12.293,12.257000000000001,0.018,0.018
06.06.2022 09:50:32.382 GMT+0200,12.283,12.267000000000001,0.018,0.018
06.06.2022 09:50:33.386 GMT+0200,12.302999999999999,12.257000000000001,0.018,0.018
06.06.2022 09:50:35.095 GMT+0200,12.284,12.266,0.018,0.018
06.06.2022 09:50:35.145 GMT+0200,12.304000000000002,12.276,0.018,0.018
06.06.2022 09:50:36.095 GMT+0200,12.293,12.267000000000001,0.018,0.018
06.06.2022 09:50:36.703 GMT+0200,12.293,12.277000000000001,0.018,0.018
06.06.2022 09:50:42.664 GMT+0200,12.302999999999999,12.277000000000001,0.018,0.018
06.06.2022 09:50:50.611 GMT+0200,12.323,12.297,0.018,0.018
06.06.2022 09:51:07.286 GMT+0200,12.344000000000001,12.315999999999999,0.018,0.018
06.06.2022 09:51:08.287 GMT+0200,12.334000000000001,12.315999999999999,0.018,0.018
06.06.2022 09:51:11.454 GMT+0200,12.323,12.307,0.018,0.018
06.06.2022 09:51:15.488 GMT+0200,12.334000000000001,12.315999999999999,0.018,0.018
06.06.2022 09:51:35.086 GMT+0200,12.344000000000001,12.315999999999999,0.018,0.018
06.06.2022 09:51:37.860 GMT+0200,12.323,12.307,0.018,0.018
06.06.2022 09:51:39.449 GMT+0200,12.343,12.297,0.018,0.018
06.06.2022 09:51:39.739 GMT+0200,12.324000000000002,12.306,0.018,0.018
06.06.2022 09:51:40.739 GMT+0200,12.323,12.297,0.018,0.018
06.06.2022 09:51:41.185 GMT+0200,12.323,12.307,0.018,0.018
06.06.2022 09:51:41.629 GMT+0200,12.334000000000001,12.315999999999999,0.018,0.018
06.06.2022 09:51:47.400 GMT+0200,12.323,12.307,0.018,0.018
06.06.2022 09:52:02.414 GMT+0200,12.344000000000001,12.315999999999999,0.018,0.018
06.06.2022 09:52:04.567 GMT+0200,12.334000000000001,12.315999999999999,0.018,0.018
06.06.2022 09:52:11.569 GMT+0200,12.343,12.317,0.018,0.018
06.06.2022 09:52:13.568 GMT+0200,12.333,12.317,0.018,0.018
06.06.2022 09:52:16.582 GMT+0200,12.344000000000001,12.315999999999999,0.018,0.018
06.06.2022 09:52:17.580 GMT+0200,12.333,12.317,0.018,0.018
06.06.2022 09:52:19.577 GMT+0200,12.343,12.317,0.018,0.018
06.06.2022 09:52:40.244 GMT+0200,12.333,12.317,0.018,0.018
06.06.2022 09:52:41.249 GMT+0200,12.343,12.317,0.018,0.018
06.06.2022 09:52:42.258 GMT+0200,12.334000000000001,12.315999999999999,0.018,0.018
06.06.2022 09:52:52.332 GMT+0200,12.323,12.307,0.018,0.018
06.06.2022 09:52:53.330 GMT+0200,12.344000000000001,12.296,0.018,0.018
06.06.2022 09:52:54.698 GMT+0200,12.324000000000002,12.306,0.018,0.018
06.06.2022 09:52:56.809 GMT+0200,12.323,12.297,0.018,0.018
06.06.2022 09:53:01.433 GMT+0200,12.313,12.297,0.018,0.018
06.06.2022 09:53:02.425 GMT+0200,12.323,12.297,0.018,0.018
06.06.2022 09:53:03.434 GMT+0200,12.323,12.277000000000001,0.018,0.018
06.06.2022 09:53:04.190 GMT+0200,12.313,12.297,0.018,0.018
06.06.2022 09:53:05.199 GMT+0200,12.324000000000002,12.296,0.018,0.018
06.06.2022 09:53:31.429 GMT+0200,12.313,12.297,0.018,0.018
06.06.2022 09:53:35.301 GMT+0200,12.302999999999999,12.287,0.018,0.018
06.06.2022 09:53:35.747 GMT+0200,12.313,12.297,0.018,0.018
06.06.2022 09:53:37.219 GMT+0200,12.302999999999999,12.287,0.018,0.018
06.06.2022 09:53:37.905 GMT+0200,12.313,12.297,0.018,0.018
06.06.2022 09:53:38.413 GMT+0200,12.302999999999999,12.287,0.018,0.018
06.06.2022 09:53:40.789 GMT+0200,12.314000000000002,12.296,0.018,0.018
06.06.2022 09:53:41.529 GMT+0200,12.302999999999999,12.287,0.018,0.018
06.06.2022 09:53:45.236 GMT+0200,12.324000000000002,12.276,0.018,0.018
06.06.2022 09:53:47.676 GMT+0200,12.313,12.297,0.018,0.018
06.06.2022 09:53:48.161 GMT+0200,12.302999999999999,12.287,0.018,0.018
06.06.2022 09:53:49.845 GMT+0200,12.323,12.287,0.018,0.018
06.06.2022 09:53:51.241 GMT+0200,12.314000000000002,12.296,0.018,0.018
06.06.2022 09:53:52.195 GMT+0200,12.323,12.297,0.018,0.018
06.06.2022 09:53:54.317 GMT+0200,12.314000000000002,12.296,0.018,0.018
06.06.2022 09:53:55.316 GMT+0200,12.323,12.297,0.018,0.018
06.06.2022 09:54:00.329 GMT+0200,12.323,12.277000000000001,0.018,0.018
06.06.2022 09:54:01.328 GMT+0200,12.304000000000002,12.286,0.018,0.018
06.06.2022 09:54:01.933 GMT+0200,12.314000000000002,12.296,0.018,0.018
06.06.2022 09:54:03.013 GMT+0200,12.304000000000002,12.286,0.018,0.018
06.06.2022 09:54:12.525 GMT+0200,12.304000000000002,12.276,0.018,0.018
06.06.2022 09:54:22.252 GMT+0200,12.284,12.256,0.018,0.018
06.06.2022 09:54:23.250 GMT+0200,12.283,12.267000000000001,0.018,0.018
06.06.2022 09:54:25.249 GMT+0200,12.283,12.257000000000001,0.018,0.018
06.06.2022 09:54:34.983 GMT+0200,12.293,12.277000000000001,0.018,0.018
06.06.2022 09:54:35.985 GMT+0200,12.302999999999999,12.277000000000001,0.018,0.018
06.06.2022 09:54:38.705 GMT+0200,12.294,12.276,0.018,0.018
06.06.2022 09:54:41.702 GMT+0200,12.302999999999999,12.257000000000001,0.018,0.018
06.06.2022 09:54:42.704 GMT+0200,12.293,12.267000000000001,0.018,0.018
06.06.2022 09:54:43.908 GMT+0200,12.293,12.277000000000001,0.018,0.018
06.06.2022 09:54:44.909 GMT+0200,12.294,12.266,0.018,0.018
06.06.2022 09:54:45.912 GMT+0200,12.283,12.267000000000001,0.018,0.018
06.06.2022 09:54:52.233 GMT+0200,12.263,12.237,0.018,0.018
06.06.2022 09:54:53.242 GMT+0200,12.264000000000001,12.245999999999999,0.018,0.018
06.06.2022 09:54:54.446 GMT+0200,12.284,12.235999999999999,0.018,0.018
06.06.2022 09:55:01.308 GMT+0200,12.273,12.257000000000001,0.018,0.018
06.06.2022 09:55:04.309 GMT+0200,12.283,12.257000000000001,0.018,0.018
06.06.2022 09:55:10.253 GMT+0200,12.283,12.237,0.018,0.018
06.06.2022 09:55:20.186 GMT+0200,12.274000000000001,12.256,0.018,0.018
06.06.2022 09:55:21.186 GMT+0200,12.283,12.237,0.018,0.018
06.06.2022 09:55:22.065 GMT+0200,12.273,12.257000000000001,0.018,0.018
06.06.2022 09:55:25.139 GMT+0200,12.284,12.256,0.018,0.018
06.06.2022 09:55:26.140 GMT+0200,12.273,12.257000000000001,0.018,0.018
06.06.2022 09:55:27.148 GMT+0200,12.283,12.267000000000001,0.018,0.018
06.06.2022 09:55:43.193 GMT+0200,12.293,12.277000000000001,0.018,0.018
06.06.2022 09:55:45.019 GMT+0200,12.283,12.267000000000001,0.018,0.018
06.06.2022 09:55:45.345 GMT+0200,12.293,12.277000000000001,0.018,0.018
06.06.2022 09:55:46.092 GMT+0200,12.284,12.266,0.018,0.018
06.06.2022 09:55:49.345 GMT+0200,12.284,12.266,0.018,0.018
06.06.2022 09:55:55.479 GMT+0200,12.284,12.266,0.018,0.018
06.06.2022 09:55:56.480 GMT+0200,12.304000000000002,12.256,0.018,0.018
06.06.2022 09:55:59.327 GMT+0200,12.294,12.276,0.018,0.018
06.06.2022 09:56:00.329 GMT+0200,12.302999999999999,12.277000000000001,0.018,0.018
06.06.2022 09:56:07.487 GMT+0200,12.302999999999999,12.257000000000001,0.018,0.018
06.06.2022 09:56:08.798 GMT+0200,12.283,12.267000000000001,0.018,0.018
06.06.2022 09:56:09.800 GMT+0200,12.304000000000002,12.256,0.018,0.018
06.06.2022 09:56:11.260 GMT+0200,12.293,12.277000000000001,0.018,0.018
06.06.2022 09:56:48.419 GMT+0200,12.304000000000002,12.276,0.018,0.018
06.06.2022 09:56:50.415 GMT+0200,12.293,12.277000000000001,0.018,0.018
06.06.2022 09:56:51.417 GMT+0200,12.302999999999999,12.277000000000001,0.018,0.018
06.06.2022 09:57:37.116 GMT+0200,12.313,12.297,0.018,0.018
06.06.2022 09:57:38.116 GMT+0200,12.323,12.297,0.018,0.018
06.06.2022 09:58:16.385 GMT+0200,12.323,12.307,0.018,0.018
06.06.2022 09:58:21.649 GMT+0200,12.323,12.297,0.018,0.018
06.06.2022 09:58:51.740 GMT+0200,12.313,12.297,0.018,0.018
06.06.2022 09:58:55.854 GMT+0200,12.323,12.297,0.018,0.018
06.06.2022 09:59:03.534 GMT+0200,12.314000000000002,12.296,0.018,0.018
06.06.2022 09:59:05.534 GMT+0200,12.324000000000002,12.296,0.018,0.018
06.06.2022 09:59:10.541 GMT+0200,12.314000000000002,12.296,0.018,0.018
06.06.2022 09:59:11.544 GMT+0200,12.323,12.287,0.018,0.018
06.06.2022 09:59:12.543 GMT+0200,12.302999999999999,12.287,0.018,0.018
06.06.2022 09:59:24.028 GMT+0200,12.324000000000002,12.286,0.018,0.018
06.06.2022 09:59:25.961 GMT+0200,12.313,12.297,0.018,0.018
06.06.2022 09:59:26.915 GMT+0200,12.323,12.297,0.018,0.018
06.06.2022 09:59:49.533 GMT+0200,12.323,12.307,0.018,0.018
06.06.2022 09:59:59.375 GMT+0200,12.324000000000002,12.296,0.018,0.018